"Pipeline","TestSet","SampleName","AnalyticTruthLabel","PerformanceTotalCount","TotalCountsOverall","PerformancePercent"
"MMARC","Soil","SRR1238169","betalactams",775378.116666897,777317.000000231,99.7505672288998
"Resfams","Soil","SRR1238169","betalactams",177,219,80.8219178082192
"MMARC","Soil","SRR1238170","Phenicol",30802.6955679434,57662.0000000001,53.4194019769404
"Resfams","Soil","SRR1238170","Phenicol",795,1124,70.729537366548
"MMARC","Soil","SRR1238171","betalactams",12182.3571428571,15315,79.5452637470267
"Resfams","Soil","SRR1238171","betalactams",112,145,77.2413793103448
"MMARC","Soil","SRR1238172","betalactams",548467.920635811,560735.000000891,97.8123214414901
"Resfams","Soil","SRR1238172","betalactams",7,8,87.5
"MMARC","Soil","SRR1238173","betalactams",2346645.29774639,2351893.99999353,99.7768308330584
"Resfams","Soil","SRR1238173","betalactams",145,176,82.3863636363636
"MMARC","Soil","SRR1238174","Glycopeptides",4516.99999999994,4546.99999999994,99.3402243237299
"Resfams","Soil","SRR1238174","Glycopeptides",270,327,82.5688073394495
"MMARC","Soil","SRR1238175","betalactams",112682.055555518,112700.999999963,99.9831905267527
"Resfams","Soil","SRR1238175","betalactams",356,379,93.9313984168865
"MMARC","Soil","SRR1238176","Aminoglycosides",327,702,46.5811965811966
"Resfams","Soil","SRR1238176","Aminoglycosides",71,86,82.5581395348837
"MMARC","Soil","SRR1238177","betalactams",302191.743650665,302852.999999871,99.7816576526544
"Resfams","Soil","SRR1238177","betalactams",267,306,87.2549019607843
"MMARC","Soil","SRR1238178","betalactams",17112.2833333344,17431.0000000011,98.1715525978622
"Resfams","Soil","SRR1238178","betalactams",217,277,78.3393501805054
"MMARC","Soil","SRR1238179","betalactams",577594.5,581073,99.4013660934168
"Resfams","Soil","SRR1238179","betalactams",19,30,63.3333333333333
"MMARC","Soil","SRR1238180","Tetracyclines",95743.7872000076,116437.000000027,82.227974956402
"Resfams","Soil","SRR1238180","Tetracyclines",1097,1430,76.7132867132867
"MMARC","Soil","SRR1238181","Tetracyclines",161204.730655327,173062.999999874,93.1480042848239
"Resfams","Soil","SRR1238181","Tetracyclines",503,675,74.5185185185185
"MMARC","Soil","SRR1238182","Trimethoprim",80246.916666669,80725.0000000024,99.4077629813152
"Resfams","Soil","SRR1238182","Trimethoprim",133,187,71.1229946524064
"MMARC","Soil","SRR1238183","Trimethoprim",30060.4999999999,30271.9999999999,99.3013345665962
"Resfams","Soil","SRR1238183","Trimethoprim",70,94,74.468085106383
"MMARC","Soil","SRR1238184","betalactams",16603.6666666665,16771.9999999999,98.9963431115351
"Resfams","Soil","SRR1238184","betalactams",194,217,89.4009216589862
"MMARC","Soil","SRR1238185","Phenicol",9743.05335775846,47516,20.5047844047446
"Resfams","Soil","SRR1238185","Phenicol",1844,2797,65.9277797640329
"MMARC","Soil","SRR1238186","betalactams",485021.166666667,491781,98.62543828791
"Resfams","Soil","SRR1238186","betalactams",12,12,100
"MMARC","Soil","SRR1238187","betalactams",1068662.45136476,1098481.9999939,97.2853857751597
"Resfams","Soil","SRR1238187","betalactams",40,44,90.9090909090909
"MMARC","Soil","SRR1238188","Glycopeptides",9220.99999999976,9253.99999999976,99.6433974497514
"Resfams","Soil","SRR1238188","Glycopeptides",342,377,90.7161803713528
"MMARC","Soil","SRR1238189","betalactams",434124.522222544,434415.000000322,99.9331335755493
"Resfams","Soil","SRR1238189","betalactams",170,211,80.5687203791469
"MMARC","Soil","SRR1238190","Aminoglycosides",73966,73966,100
"Resfams","Soil","SRR1238190","Aminoglycosides",3,3,100
"MMARC","Soil","SRR1238191","betalactams",1141191.63507201,1153858.00000615,98.9022596425146
"Resfams","Soil","SRR1238191","betalactams",665,851,78.1433607520564
"MMARC","Soil","SRR1238192","betalactams",382028.297594094,391624.999999724,97.5495174195629
"Resfams","Soil","SRR1238192","betalactams",1392,1855,75.0404312668464
"MMARC","Soil","SRR1238193","Tetracyclines",59667.5000000008,59984.0000000008,99.4723592958122
"Resfams","Soil","SRR1238193","Tetracyclines",315,352,89.4886363636364
"MMARC","Soil","SRR1238194","Tetracyclines",80301.0166666672,99994.0000000007,80.3058350167677
"Resfams","Soil","SRR1238194","Tetracyclines",54,61,88.5245901639344
"MMARC","Soil","SRR1238195","Trimethoprim",117864.888095238,119416,98.7010853614575
"Resfams","Soil","SRR1238195","Trimethoprim",182,236,77.1186440677966
"MMARC","Soil","SRR1238196","Trimethoprim",72560.2487356249,97597.0000000001,74.3468023972303
"Resfams","Soil","SRR1238196","Trimethoprim",1562,2281,68.478737395879
"MMARC","Soil","SRR1238197","betalactams",288989.488095241,292060.000000003,98.9486708536733
"Resfams","Soil","SRR1238197","betalactams",280,332,84.3373493975904
"MMARC","Soil","SRR1238198","Phenicol",15112.7533022533,22490,67.1976580802726
"Resfams","Soil","SRR1238198","Phenicol",629,871,72.2158438576349
"MMARC","Soil","SRR1238199","betalactams",214746.549999753,228234.999999753,94.0901044975509
"Resfams","Soil","SRR1238199","betalactams",68,82,82.9268292682927
"MMARC","Soil","SRR1238200","betalactams",361887.556919663,364575.000000119,99.2628559060673
"Resfams","Soil","SRR1238200","betalactams",202,272,74.2647058823529
"MMARC","Soil","SRR1238201","Glycopeptides",57074.0000000099,57074.0000000099,100
"Resfams","Soil","SRR1238201","Glycopeptides",132,154,85.7142857142857
"MMARC","Soil","SRR1238202","betalactams",292480.997705484,292852.000000412,99.8733140648086
"Resfams","Soil","SRR1238202","betalactams",297,322,92.2360248447205
"MMARC","Soil","SRR1238203","Aminoglycosides",98750.833333335,99710.0000000017,99.0380436599472
"Resfams","Soil","SRR1238203","Aminoglycosides",84,91,92.3076923076923
"MMARC","Soil","SRR1238204","betalactams",1461302.72381197,1461404.00000245,99.9930699388755
"Resfams","Soil","SRR1238204","betalactams",158,179,88.268156424581
"MMARC","Soil","SRR1238205","betalactams",21487410.6230852,21516374.0000694,99.8653891358087
"Resfams","Soil","SRR1238205","betalactams",78,85,91.7647058823529
"MMARC","Soil","SRR1238206","betalactams",8938369.03372796,8961834.9999978,99.7381566803021
"Resfams","Soil","SRR1238206","betalactams",2,7,28.5714285714286
"MMARC","Soil","SRR1238207","Tetracyclines",98780.8769841252,99473.9999999982,99.3032118786085
"Resfams","Soil","SRR1238207","Tetracyclines",489,535,91.4018691588785
"MMARC","Soil","SRR1238208","Tetracyclines",58334.5392857171,58658.0000000029,99.4485650477587
"Resfams","Soil","SRR1238208","Tetracyclines",141,177,79.6610169491525
"MMARC","Soil","SRR1238209","Trimethoprim",392904.238095255,396705.000000017,99.0419173177142
"Resfams","Soil","SRR1238209","Trimethoprim",224,306,73.202614379085
"MMARC","Soil","SRR1238210","Trimethoprim",75858.8940476193,78151.0000000003,97.0670804565764
"Resfams","Soil","SRR1238210","Trimethoprim",117,160,73.125
"MMARC","Soil","SRR1238211","betalactams",31226.4399711396,42365.9999999992,73.7063682460939
"Resfams","Soil","SRR1238211","betalactams",1367,1837,74.4148067501361
"MMARC","Soil","SRR1238212","Phenicol",6914.31567099734,20532,33.6758020212223
"Resfams","Soil","SRR1238212","Phenicol",621,892,69.6188340807175
"MMARC","Soil","SRR1238213","betalactams",851203.706893297,856212.999998863,99.414947786874
"Resfams","Soil","SRR1238213","betalactams",220,287,76.6550522648084
"MMARC","Soil","SRR1238214","Glycopeptides",414104.182867907,445156.000000757,93.0245089063616
"Resfams","Soil","SRR1238214","Glycopeptides",710,843,84.2230130486358
"MMARC","Soil","SRR1238215","betalactams",412797.162463868,414532.999999943,99.5812546803088
"Resfams","Soil","SRR1238215","betalactams",182,220,82.7272727272727
"MMARC","Soil","SRR1238216","Aminoglycosides",2531.4183982684,4460,56.7582600508609
"Resfams","Soil","SRR1238216","Aminoglycosides",305,423,72.1040189125296
"MMARC","Soil","SRR1238217","betalactams",211657.396092821,239131.000000025,88.5110655217429
"Resfams","Soil","SRR1238217","betalactams",1812,2357,76.8773865082732
"MMARC","Soil","SRR1238218","betalactams",15484.6674146653,47361.9999999992,32.694285322971
"Resfams","Soil","SRR1238218","betalactams",3639,4935,73.7386018237082
"MMARC","Soil","SRR1238219","betalactams",3573.55461760465,5164.00000000003,69.2012900388193
"Resfams","Soil","SRR1238219","betalactams",281,344,81.6860465116279
"MMARC","Soil","SRR1238220","Tetracyclines",284209.359234992,288044.999999783,98.6683883543218
"Resfams","Soil","SRR1238220","Tetracyclines",326,421,77.4346793349169
"MMARC","Soil","SRR1238221","Tetracyclines",293684.18894418,327251.999999791,89.7425192036619
"Resfams","Soil","SRR1238221","Tetracyclines",507,682,74.3401759530792
"MMARC","Soil","SRR1238222","Trimethoprim",84506.0000000006,84756.0000000006,99.7050356316957
"Resfams","Soil","SRR1238222","Trimethoprim",86,133,64.6616541353384
"MMARC","Soil","SRR1238223","Trimethoprim",203329.968073591,206564.999999998,98.4338915467737
"Resfams","Soil","SRR1238223","Trimethoprim",262,391,67.0076726342711
"MMARC","Soil","SRR1238224","betalactams",64254.0000000041,64995.0000000041,98.8599123009463
"Resfams","Soil","SRR1238224","betalactams",140,161,86.9565217391304
"MMARC","Soil","SRR1238225","Phenicol",6037.56796536796,16387,36.843644140892
"Resfams","Soil","SRR1238225","Phenicol",315,406,77.5862068965517
"MMARC","Soil","SRR1238226","betalactams",55654.166666687,60845.0000000204,91.4687594160053
"Resfams","Soil","SRR1238226","betalactams",51,71,71.830985915493
"MMARC","Soil","SRR1238227","betalactams",602315.123629657,603672.000002311,99.775229533149
"Resfams","Soil","SRR1238227","betalactams",105,149,70.4697986577181
"MMARC","Soil","SRR1238228","Glycopeptides",13639.0000000015,14743.0000000015,92.5117004680195
"Resfams","Soil","SRR1238228","Glycopeptides",411,480,85.625
"MMARC","Soil","SRR1238229","betalactams",875652.539389109,876018.000000896,99.9582816093064
"Resfams","Soil","SRR1238229","betalactams",130,149,87.248322147651
"MMARC","Soil","SRR1238230","Aminoglycosides",132833.257635694,142049.999999996,93.5116210036589
"Resfams","Soil","SRR1238230","Aminoglycosides",1330,1821,73.0367929708951
"MMARC","Soil","SRR1238231","betalactams",315409.66666649,316730.999999823,99.5828215951915
"Resfams","Soil","SRR1238231","betalactams",125,154,81.1688311688312
"MMARC","Soil","SRR1238232","betalactams",127133.99999997,127184.99999997,99.9599009317136
"Resfams","Soil","SRR1238232","betalactams",63,78,80.7692307692308
"MMARC","Soil","SRR1238233","betalactams",1114993.500002,1116817.000002,99.8367234739445
"Resfams","Soil","SRR1238233","betalactams",61,81,75.3086419753086
"MMARC","Soil","SRR1238234","Tetracyclines",5999.00000000004,5999.00000000004,100
"Resfams","Soil","SRR1238234","Tetracyclines",319,379,84.1688654353562
"MMARC","Soil","SRR1238235","Tetracyclines",19427.3821428573,21338.0000000001,91.0459374958157
"Resfams","Soil","SRR1238235","Tetracyclines",317,422,75.1184834123223
"MMARC","Soil","SRR1238236","Trimethoprim",290223.100000015,290786.000000015,99.8064212169775
"Resfams","Soil","SRR1238236","Trimethoprim",182,261,69.7318007662835
"MMARC","Soil","SRR1238237","Trimethoprim",134447.333333333,134816,99.7265408655748
"Resfams","Soil","SRR1238237","Trimethoprim",39,82,47.5609756097561
"MMARC","Soil","SRR1238238","betalactams",28389.2452380952,33875.9999999999,83.8034161001748
"Resfams","Soil","SRR1238238","betalactams",275,343,80.1749271137026
"MMARC","Soil","SRR1238239","Phenicol",78192.9324979789,104853.000000024,74.5738629299698
"Resfams","Soil","SRR1238239","Phenicol",1014,1403,72.2736992159658
"MMARC","Soil","SRR1238240","betalactams",935990.999997297,937920.999997297,99.7942257396939
"Resfams","Soil","SRR1238240","betalactams",53,79,67.0886075949367
"MMARC","Soil","SRR1238241","betalactams",1014632.5366324,1019902.00000133,99.4833363039855
"Resfams","Soil","SRR1238241","betalactams",22,31,70.9677419354839
"MMARC","Soil","SRR1238242","Glycopeptides",24885.4666666697,27601.000000003,90.1614675796782
"Resfams","Soil","SRR1238242","Glycopeptides",656,728,90.1098901098901
"MMARC","Soil","SRR1238243","betalactams",400442.859358995,405958.999999671,98.6412074518165
"Resfams","Soil","SRR1238243","betalactams",762,926,82.2894168466523
"MMARC","Soil","SRR1238244","Aminoglycosides",893136.916666668,898757.000000002,99.374682663575
"Resfams","Soil","SRR1238244","Aminoglycosides",182,252,72.2222222222222
"MMARC","Soil","SRR1238245","betalactams",108230.850000008,109864.000000008,98.5134803029201
"Resfams","Soil","SRR1238245","betalactams",123,136,90.4411764705882
"MMARC","Soil","SRR1238246","betalactams",344358.566666451,359239.999999785,95.8575232899058
"Resfams","Soil","SRR1238246","betalactams",227,280,81.0714285714286
"MMARC","Soil","SRR1238247","Tetracyclines",230276.080250339,234279.000000034,98.2913877258763
"Resfams","Soil","SRR1238247","Tetracyclines",496,621,79.8711755233494
"MMARC","Soil","SRR1238248","Tetracyclines",58648.7879514094,76322.0000000056,76.8438824341672
"Resfams","Soil","SRR1238248","Tetracyclines",1772,2466,71.8572587185726
"MMARC","Soil","SRR1238249","Trimethoprim",133288.5,133667,99.7168336238563
"Resfams","Soil","SRR1238249","Trimethoprim",133,199,66.8341708542714
"MMARC","Soil","SRR1238250","Trimethoprim",415662.666666673,415809.000000006,99.9648075598813
"Resfams","Soil","SRR1238250","Trimethoprim",48,63,76.1904761904762
"MMARC","Soil","SRR1238251","betalactams",15606.0000000001,15606.0000000001,100
"Resfams","Soil","SRR1238251","betalactams",8,10,80
"MMARC","Soil","SRR1238252","Phenicol",124442.175569254,143308.000000015,86.8354701546608
"Resfams","Soil","SRR1238252","Phenicol",623,879,70.8759954493743
"MMARC","Soil","SRR1238253","betalactams",840887.834790503,1272826.00000296,66.0646337196557
"Resfams","Soil","SRR1238253","betalactams",106,132,80.3030303030303
"MMARC","Soil","SRR1238254","Glycopeptides",582106.353632975,589665.000000497,98.7181456644849
"Resfams","Soil","SRR1238254","Glycopeptides",886,1034,85.6866537717601
"MMARC","Soil","SRR1238255","betalactams",141230.000000003,141230.000000003,100
"Resfams","Soil","SRR1238255","betalactams",200,221,90.4977375565611
"MMARC","Soil","SRR1238256","Aminoglycosides",4781.99964527552,10995,43.4924933631244
"Resfams","Soil","SRR1238256","Aminoglycosides",719,1097,65.542388331814
"MMARC","Soil","SRR1238257","betalactams",194022.000000015,194025.000000015,99.998453807499
"Resfams","Soil","SRR1238257","betalactams",182,192,94.7916666666667
"MMARC","Soil","SRR1238258","betalactams",1071565.1949937,1074633.0000012,99.7145253302766
"Resfams","Soil","SRR1238258","betalactams",604,772,78.2383419689119
"MMARC","Soil","SRR1238259","betalactams",192951.79642857,200979.999999999,96.0054714044041
"Resfams","Soil","SRR1238259","betalactams",290,375,77.3333333333333
"MMARC","Soil","SRR1238260","Tetracyclines",1359496.77598354,1372361.00000119,99.0626209854668
"Resfams","Soil","SRR1238260","Tetracyclines",748,822,90.9975669099757
"MMARC","Soil","SRR1238261","Tetracyclines",785749.368442281,819072.000000425,95.9316602742949
"Resfams","Soil","SRR1238261","Tetracyclines",918,1159,79.2062122519413
"MMARC","Soil","SRR1238262","Trimethoprim",183510.999999992,187316.999999992,97.9681502479753
"Resfams","Soil","SRR1238262","Trimethoprim",202,286,70.6293706293706
"MMARC","Soil","SRR1238263","Trimethoprim",119540,119540,100
"Resfams","Soil","SRR1238263","Trimethoprim",77,109,70.6422018348624
"MMARC","Soil","SRR1238264","Phenicol",51343.1390903686,62501.9999999999,82.1463938599864
"Resfams","Soil","SRR1238264","Phenicol",473,645,73.3333333333333
"MMARC","Soil","SRR1238265","betalactams",449,2861.99999999999,15.6883298392733
"Resfams","Soil","SRR1238265","betalactams",81,102,79.4117647058823
"MMARC","Soil","SRR1238266","betalactams",1143296.41934954,1161466.00000083,98.4356338755263
"Resfams","Soil","SRR1238266","betalactams",113,139,81.294964028777
"MMARC","Soil","SRR1238267","Glycopeptides",43486.2694444435,47493.9999999991,91.561606612297
"Resfams","Soil","SRR1238267","Glycopeptides",177,232,76.2931034482759
"MMARC","Soil","SRR1238268","betalactams",442385.726550598,443229.000000759,99.8097431688451
"Resfams","Soil","SRR1238268","betalactams",76,93,81.7204301075269
"MMARC","Soil","SRR1238269","Aminoglycosides",19967,20003,99.8200269959506
"Resfams","Soil","SRR1238269","Aminoglycosides",12,12,100
"MMARC","Soil","SRR1238270","betalactams",1545589.35000204,1551002.00000204,99.6510223713449
"Resfams","Soil","SRR1238270","betalactams",45,51,88.2352941176471
"MMARC","Soil","SRR1238271","betalactams",1198640.00233892,1225329,97.8218912911487
"Resfams","Soil","SRR1238271","betalactams",469,597,78.5594639865997
"MMARC","Soil","SRR1238272","Tetracyclines",3170443.78424733,3187621.99998994,99.4610962108223
"Resfams","Soil","SRR1238272","Tetracyclines",262,307,85.3420195439739
"MMARC","Soil","SRR1238273","Tetracyclines",82452.8249062938,114474.000000001,72.0275563938477
"Resfams","Soil","SRR1238273","Tetracyclines",4081,5574,73.2149264442052
"MMARC","Soil","SRR1238274","Trimethoprim",66193.4999999973,66416.9999999973,99.6634897691856
"Resfams","Soil","SRR1238274","Trimethoprim",63,85,74.1176470588235
"MMARC","Soil","SRR1238275","Trimethoprim",11945.2849206349,19373,61.6594483076185
"Resfams","Soil","SRR1238275","Trimethoprim",335,477,70.230607966457
"MMARC","Soil","SRR1238276","betalactams",337225.633333145,345167.999999812,97.6989852284479
"Resfams","Soil","SRR1238276","betalactams",82,100,82
"Alignment","Soil","SRR1238277","Phenicol",5040,5040,100
"MMARC","Soil","SRR1238277","Phenicol",45471.3780516896,57162.0000000061,79.5482629223693
"Resfams","Soil","SRR1238277","Phenicol",248,354,70.0564971751412
"MMARC","Soil","SRR1238278","betalactams",174434.500000029,178276.000000029,97.8451950907585
"Resfams","Soil","SRR1238278","betalactams",37,41,90.2439024390244
"MMARC","Soil","SRR1238279","betalactams",866610.628969867,872823.000001613,99.2882438900287
"Resfams","Soil","SRR1238279","betalactams",148,178,83.1460674157303
"MMARC","Soil","SRR1238280","Glycopeptides",50725.7095238078,57098.9999999983,88.8381749659527
"Resfams","Soil","SRR1238280","Glycopeptides",466,561,83.0659536541889
"MMARC","Soil","SRR1238281","betalactams",1451342.44542966,1452334.00000179,99.931726822334
"Resfams","Soil","SRR1238281","betalactams",173,196,88.265306122449
"MMARC","Soil","SRR1238282","Aminoglycosides",727.109523809524,1347,53.9799201046417
"Resfams","Soil","SRR1238282","Aminoglycosides",79,96,82.2916666666667
"Alignment","Soil","SRR1238283","betalactams",151,151,100
"MMARC","Soil","SRR1238283","betalactams",400381.513888656,400897.999999767,99.871167700734
"Resfams","Soil","SRR1238283","betalactams",162,193,83.9378238341969
"MMARC","Soil","SRR1238284","betalactams",165798.720926285,169429.999999989,97.8567673530636
"Resfams","Soil","SRR1238284","betalactams",582,760,76.5789473684211
"Alignment","Soil","SRR1238285","Tetracyclines",10309,10309,100
"MMARC","Soil","SRR1238285","Tetracyclines",652439.020510581,659569.000000003,98.9189941477811
"Resfams","Soil","SRR1238285","Tetracyclines",477,581,82.0998278829604
"MMARC","Soil","SRR1238286","Tetracyclines",14673.4510101009,16393.9999999999,89.5050079913444
"Resfams","Soil","SRR1238286","Tetracyclines",109,139,78.4172661870504
"MMARC","Soil","SRR1238287","Trimethoprim",124846.000000001,124846.000000001,100
"Resfams","Soil","SRR1238287","Trimethoprim",120,170,70.5882352941177
"MMARC","Soil","SRR1238288","Trimethoprim",42458,42483,99.9411529317609
"Resfams","Soil","SRR1238288","Trimethoprim",35,46,76.0869565217391
"MMARC","Soil","SRR1238289","betalactams",38108.0404761742,43760.9999999837,87.0821975644715
"Resfams","Soil","SRR1238289","betalactams",913,1207,75.6420878210439
"MMARC","Soil","SRR1238290","Phenicol",4667.48538226479,19295.0000000003,24.19012895706
"Resfams","Soil","SRR1238290","Phenicol",259,334,77.5449101796407
"MMARC","Soil","SRR1238291","betalactams",0,6467,0
"Resfams","Soil","SRR1238291","betalactams",97,116,83.6206896551724
"MMARC","Soil","SRR1238292","betalactams",3983417.43286574,3992901.99997035,99.7624643153104
"Resfams","Soil","SRR1238292","betalactams",15,19,78.9473684210526
"MMARC","Soil","SRR1238293","Glycopeptides",28608,28608,100
"Resfams","Soil","SRR1238293","Glycopeptides",518,612,84.640522875817
"MMARC","Soil","SRR1238294","betalactams",462849.107143063,462993.000000206,99.9689211592523
"Resfams","Soil","SRR1238294","betalactams",192,206,93.2038834951456
"MMARC","Soil","SRR1238295","Aminoglycosides",11760.5074314574,21673.9999999999,54.2608998406269
"Resfams","Soil","SRR1238295","Aminoglycosides",387,521,74.2802303262956
"MMARC","Soil","SRR1238296","betalactams",608133.269012852,691438.000001308,87.951959396461
"Resfams","Soil","SRR1238296","betalactams",136,159,85.5345911949686
"MMARC","Soil","SRR1238297","betalactams",281539.308730523,300438.000000364,93.7096201979049
"Resfams","Soil","SRR1238297","betalactams",109,123,88.6178861788618
"MMARC","Soil","SRR1238298","betalactams",143663.240476045,143703.999999855,99.9716364723254
"Resfams","Soil","SRR1238298","betalactams",25,38,65.7894736842105
"MMARC","Soil","SRR1238299","Tetracyclines",1019560.80753871,1022025.99999903,99.7587935668643
"Resfams","Soil","SRR1238299","Tetracyclines",267,347,76.9452449567723
"Alignment","Soil","SRR1238300","Tetracyclines",3981645,3981645,100
"MMARC","Soil","SRR1238300","Tetracyclines",8939124.7166652,8945711.99999853,99.9263637893403
"Resfams","Soil","SRR1238300","Tetracyclines",21,27,77.7777777777778
"Alignment","Soil","SRR1238301","Trimethoprim",8654,8654,100
"MMARC","Soil","SRR1238301","Trimethoprim",220604.499999993,220804.999999993,99.909195896832
"Resfams","Soil","SRR1238301","Trimethoprim",204,249,81.9277108433735
"MMARC","Soil","SRR1238302","Trimethoprim",541232.114047211,577408.999999963,93.7346168915353
"Resfams","Soil","SRR1238302","Trimethoprim",3443,5266,65.3816938853019
"MMARC","Soil","SRR1238303","betalactams",385919,385919,100
"Resfams","Soil","SRR1238303","betalactams",16,19,84.2105263157895
"MMARC","Soil","SRR1238304","Phenicol",8698.27216270571,23451.0000000001,37.0912633265349
"Resfams","Soil","SRR1238304","Phenicol",521,797,65.3701380175659
"MMARC","Soil","SRR1238305","betalactams",2115498.17196504,2122581.99998602,99.666263634525
"Resfams","Soil","SRR1238305","betalactams",10,12,83.3333333333333
"MMARC","Soil","SRR1238306","Glycopeptides",12796.566666666,13098.9999999993,97.6911723541236
"Resfams","Soil","SRR1238306","Glycopeptides",172,216,79.6296296296296
"MMARC","Soil","SRR1238307","Aminoglycosides",44,44,100
"Resfams","Soil","SRR1238307","Aminoglycosides",13,13,100
"MMARC","Soil","SRR1238308","betalactams",18149.5500000007,18552.0000000007,97.8306921086676
"Resfams","Soil","SRR1238308","betalactams",105,146,71.9178082191781
"MMARC","Soil","SRR1238309","betalactams",514533.389745586,516440.000001997,99.6308166957627
"Resfams","Soil","SRR1238309","betalactams",9,9,100
"MMARC","Soil","SRR1238310","betalactams",603550.067683203,605426.000002681,99.6901467199179
"Resfams","Soil","SRR1238310","betalactams",6,19,31.5789473684211
"MMARC","Soil","SRR1238311","Tetracyclines",2503.75,2572,97.3464230171073
"Resfams","Soil","SRR1238311","Tetracyclines",81,96,84.375
"Alignment","Soil","SRR1238312","Trimethoprim",185,185,100
"MMARC","Soil","SRR1238312","Trimethoprim",290225.999999982,290225.999999982,100
"Resfams","Soil","SRR1238312","Trimethoprim",37,50,74
"MMARC","Soil","SRR1238313","betalactams",38299.2809523801,41301.9999999992,92.7298458970047
"Resfams","Soil","SRR1238313","betalactams",404,542,74.5387453874539
"MMARC","Soil","SRR1238314","Phenicol",11100.4871923309,35002.9999999994,31.7129594387085
"Resfams","Soil","SRR1238314","Phenicol",531,697,76.1836441893831
"MMARC","Soil","SRR1238315","betalactams",126384,126915,99.5816097388016
"Resfams","Soil","SRR1238315","betalactams",20,25,80
"MMARC","Soil","SRR1238316","Glycopeptides",4950.00000000028,5341.00000000028,92.6792735442805
"Resfams","Soil","SRR1238316","Glycopeptides",280,335,83.5820895522388
"MMARC","Soil","SRR1238317","betalactams",863216,863216,100
"Resfams","Soil","SRR1238317","betalactams",0,4,0
"MMARC","Soil","SRR1238318","Aminoglycosides",78959.0000000029,78991.0000000029,99.9594890557152
"Resfams","Soil","SRR1238318","Aminoglycosides",23,25,92
"MMARC","Soil","SRR1238319","betalactams",301647.983332815,303695.999999482,99.3256359429594
"Resfams","Soil","SRR1238319","betalactams",225,301,74.7508305647841
"Alignment","Soil","SRR1238320","betalactams",27310,27310,100
"MMARC","Soil","SRR1238320","betalactams",32578.0976190475,33567.9999999999,97.0510534409188
"Resfams","Soil","SRR1238320","betalactams",43,47,91.4893617021277
"MMARC","Soil","SRR1238321","Tetracyclines",27614.9915256456,38108,72.4650769540401
"Resfams","Soil","SRR1238321","Tetracyclines",566,700,80.8571428571429
"MMARC","Soil","SRR1238322","Tetracyclines",3535.76547619048,11151,31.7080573597926
"Resfams","Soil","SRR1238322","Tetracyclines",447,615,72.6829268292683
"MMARC","Soil","SRR1238323","Trimethoprim",214515.633333346,214542.000000012,99.9877102540917
"Resfams","Soil","SRR1238323","Trimethoprim",64,89,71.9101123595506
"MMARC","Soil","SRR1238324","Trimethoprim",343357.200000004,345756.000000004,99.3062159441919
"Resfams","Soil","SRR1238324","Trimethoprim",58,79,73.4177215189873
"MMARC","Soil","SRR1238325","betalactams",662714.016946899,671820.999999751,98.6444331075011
"Resfams","Soil","SRR1238325","betalactams",474,635,74.6456692913386
"Alignment","Soil","SRR1238326","Phenicol",19674,19674,100
"MMARC","Soil","SRR1238326","Phenicol",151523.452165687,196663.999999988,77.0468678383925
"Resfams","Soil","SRR1238326","Phenicol",582,811,71.7632552404439
"MMARC","Soil","SRR1238327","betalactams",4247.63174603175,7682,55.2933057280884
"Resfams","Soil","SRR1238327","betalactams",275,348,79.0229885057471
"MMARC","Soil","SRR1238328","Glycopeptides",4230.99999999996,4303.99999999996,98.3039033457249
"Resfams","Soil","SRR1238328","Glycopeptides",459,576,79.6875
"MMARC","Soil","SRR1238329","betalactams",729442.533333334,731315.000000001,99.7439589415414
"Resfams","Soil","SRR1238329","betalactams",28,35,80
"MMARC","Soil","SRR1238330","Aminoglycosides",384229.416666656,384582.999999989,99.9080605920352
"Resfams","Soil","SRR1238330","Aminoglycosides",45,48,93.75
"Alignment","Soil","SRR1238331","betalactams",47245,47245,100
"MMARC","Soil","SRR1238331","betalactams",951462.503570977,953977.999999549,99.7363150482954
"Resfams","Soil","SRR1238331","betalactams",163,205,79.5121951219512
"MMARC","Soil","SRR1238332","betalactams",112207.736904784,113814.000000022,98.5886946287471
"Resfams","Soil","SRR1238332","betalactams",185,274,67.5182481751825
"MMARC","Soil","SRR1238333","betalactams",77768.500000034,77794.000000034,99.9672211224516
"Resfams","Soil","SRR1238333","betalactams",10,19,52.6315789473684
"MMARC","Soil","SRR1238334","Tetracyclines",35007.9333333334,41656,84.0405543819218
"Resfams","Soil","SRR1238334","Tetracyclines",403,435,92.6436781609195
"MMARC","Soil","SRR1238335","Tetracyclines",295953.316666667,298699.000000001,99.0807858970625
"Resfams","Soil","SRR1238335","Tetracyclines",11,24,45.8333333333333
"Alignment","Soil","SRR1238336","Trimethoprim",7113,7113,100
"MMARC","Soil","SRR1238336","Trimethoprim",449123.000000017,453193.000000017,99.1019278762029
"Resfams","Soil","SRR1238336","Trimethoprim",172,227,75.7709251101322
"MMARC","Soil","SRR1238337","Trimethoprim",9295.5,9787,94.9780320833759
"Resfams","Soil","SRR1238337","Trimethoprim",8,18,44.4444444444444
"MMARC","Soil","SRR1238338","betalactams",152293.166666653,152917.999999986,99.5913932085606
"Resfams","Soil","SRR1238338","betalactams",98,124,79.0322580645161
"MMARC","Soil","SRR1238339","Phenicol",11549.0022086649,45166.0000000026,25.5701240062529
"Resfams","Soil","SRR1238339","Phenicol",748,1073,69.7110904007456
"MMARC","Soil","SRR1238340","betalactams",642422.407453944,645105.000001674,99.5841618732264
"Resfams","Soil","SRR1238340","betalactams",43,45,95.5555555555556
"MMARC","Soil","SRR1238341","Glycopeptides",69715.7690476194,71604.0000000003,97.3629532534761
"Resfams","Soil","SRR1238341","Glycopeptides",547,632,86.5506329113924
"MMARC","Soil","SRR1238342","betalactams",56733,56733,100
"Resfams","Soil","SRR1238342","betalactams",19,29,65.5172413793103
"MMARC","Soil","SRR1238343","Aminoglycosides",388427.000000093,388427.000000093,100
"Resfams","Soil","SRR1238343","Aminoglycosides",16,16,100
"MMARC","Soil","SRR1238344","betalactams",2224190.16825448,2225542.00000052,99.9392583134341
"Resfams","Soil","SRR1238344","betalactams",13,18,72.2222222222222
"MMARC","Soil","SRR1238345","Tetracyclines",25592.3071428565,29758.9999999993,85.9985454580364
"Resfams","Soil","SRR1238345","Tetracyclines",346,379,91.2928759894459
"Alignment","Soil","SRR1238346","Trimethoprim",3217,3217,100
"MMARC","Soil","SRR1238346","Trimethoprim",689496.399999887,693995.999999886,99.3516389143452
"Resfams","Soil","SRR1238346","Trimethoprim",156,196,79.5918367346939
"MMARC","Soil","SRR1238347","Trimethoprim",1098630.43300699,1143534.00000008,96.073263497798
"Resfams","Soil","SRR1238347","Trimethoprim",672,1058,63.5160680529301
"MMARC","Soil","SRR1238348","Phenicol",0,1285.00000000001,0
"Resfams","Soil","SRR1238348","Phenicol",2,12,16.6666666666667
"MMARC","Soil","SRR1238349","Glycopeptides",41,41,100
"Resfams","Soil","SRR1238349","Glycopeptides",83,99,83.8383838383838
"Alignment","Soil","SRR1238350","betalactams",171045,171045,100
"MMARC","Soil","SRR1238350","betalactams",175322.999999998,175420.999999998,99.94413439668
"Resfams","Soil","SRR1238350","betalactams",8,12,66.6666666666667
"MMARC","Soil","SRR1238351","Trimethoprim",36495.0000000002,36495.0000000002,100
"Resfams","Soil","SRR1238351","Trimethoprim",4,8,50
"MMARC","Soil","SRR1238352","Trimethoprim",283,283,100
"Resfams","Soil","SRR1238352","Trimethoprim",1,5,20
"MMARC","Soil","SRR1238353","betalactams",10269,10271,99.9805276993477
"Resfams","Soil","SRR1238353","betalactams",3,3,100
"MMARC","Soil","SRR1238354","Phenicol",157144.544837188,193476.999999931,81.2213052906776
"Resfams","Soil","SRR1238354","Phenicol",1073,1633,65.7072872014697
"Alignment","Soil","SRR1238355","betalactams",2381,2381,100
"MMARC","Soil","SRR1238355","betalactams",31035.8333333333,32206,96.3666190564905
"Resfams","Soil","SRR1238355","betalactams",218,269,81.0408921933086
"MMARC","Soil","SRR1238356","betalactams",481,1479,32.5219743069641
"Resfams","Soil","SRR1238356","betalactams",86,101,85.1485148514851
"MMARC","Soil","SRR1238357","Glycopeptides",365130.107143116,365753.000000259,99.8296957626752
"Resfams","Soil","SRR1238357","Glycopeptides",148,198,74.7474747474748
"MMARC","Soil","SRR1238358","Aminoglycosides",5208.28333333333,8573,60.7521676581516
"Resfams","Soil","SRR1238358","Aminoglycosides",121,150,80.6666666666667
"MMARC","Soil","SRR1238359","betalactams",3085.32380952381,4025,76.6540076900326
"Resfams","Soil","SRR1238359","betalactams",222,276,80.4347826086957
"Alignment","Soil","SRR1238360","betalactams",621,621,100
"MMARC","Soil","SRR1238360","betalactams",9524.67738095238,14173.0000000001,67.2029731246196
"Resfams","Soil","SRR1238360","betalactams",620,794,78.0856423173803
"Alignment","Soil","SRR1238361","betalactams",922,922,100
"MMARC","Soil","SRR1238361","betalactams",8242,9505,86.7122567069963
"Resfams","Soil","SRR1238361","betalactams",271,362,74.8618784530387
"MMARC","Soil","SRR1238362","Tetracyclines",6695.42261904762,11606,57.6893212049597
"Resfams","Soil","SRR1238362","Tetracyclines",490,584,83.9041095890411
"MMARC","Soil","SRR1238363","Tetracyclines",9103.99999999996,9139.99999999996,99.6061269146608
"Resfams","Soil","SRR1238363","Tetracyclines",60,85,70.5882352941177
"MMARC","Soil","SRR1238364","Trimethoprim",554720.566666617,557920.999999951,99.4263644255488
"Resfams","Soil","SRR1238364","Trimethoprim",119,193,61.6580310880829
"MMARC","Soil","SRR1238365","Trimethoprim",364792.066666673,370184.000000006,98.543445061555
"Resfams","Soil","SRR1238365","Trimethoprim",220,361,60.9418282548476
"MMARC","Soil","SRR1238366","betalactams",11580.0595238093,12167.9999999997,95.1681420431419
"Resfams","Soil","SRR1238366","betalactams",90,135,66.6666666666667
"MMARC","Soil","SRR1238367","Phenicol",144259.92222234,167688.000000093,86.0287690366994
"Resfams","Soil","SRR1238367","Phenicol",92,111,82.8828828828829
"MMARC","Soil","SRR1238368","betalactams",14021.9190476197,14133.0000000006,99.2140313282322
"Resfams","Soil","SRR1238368","betalactams",257,330,77.8787878787879
"MMARC","Soil","SRR1238369","betalactams",441851.083333335,462007.000000001,95.637313576057
"Resfams","Soil","SRR1238369","betalactams",39,43,90.6976744186046
"MMARC","Soil","SRR1238370","Glycopeptides",0,204,0
"Resfams","Soil","SRR1238370","Glycopeptides",117,149,78.5234899328859
"MMARC","Soil","SRR1238371","betalactams",613847.916666577,614847.99999991,99.8373446228444
"Resfams","Soil","SRR1238371","betalactams",16,25,64
"MMARC","Soil","SRR1238372","Aminoglycosides",17374.2333333333,18361,94.6257466005846
"Resfams","Soil","SRR1238372","Aminoglycosides",115,162,70.9876543209877
"MMARC","Soil","SRR1238373","betalactams",39484.0484126982,47665.9999999998,82.8348265277103
"Resfams","Soil","SRR1238373","betalactams",556,728,76.3736263736264
"Resfams","Soil","SRR1238374","betalactams",3,6,50
"MMARC","Soil","SRR1238375","betalactams",178046.166666667,195724,90.9679787183312
"Resfams","Soil","SRR1238375","betalactams",10,19,52.6315789473684
"MMARC","Soil","SRR1238376","Tetracyclines",2041351.02906532,2089575.99999579,97.6921169208219
"Resfams","Soil","SRR1238376","Tetracyclines",928,1111,83.5283528352835
"MMARC","Soil","SRR1238377","Tetracyclines",2387.63333333333,4584,52.0862420011634
"Resfams","Soil","SRR1238377","Tetracyclines",291,375,77.6
"Alignment","Soil","SRR1238378","Trimethoprim",1227,1227,100
"MMARC","Soil","SRR1238378","Trimethoprim",943122.216666919,953748.000000251,98.8858919407087
"Resfams","Soil","SRR1238378","Trimethoprim",160,222,72.0720720720721
"MMARC","Soil","SRR1238379","Trimethoprim",11356.6715972366,27706,40.9899357440143
"Resfams","Soil","SRR1238379","Trimethoprim",964,1387,69.5025234318673
"MMARC","Soil","SRR1238380","Phenicol",81341.6952380953,97832.0000000001,83.1442628568313
"Resfams","Soil","SRR1238380","Phenicol",340,487,69.8151950718686
"MMARC","Soil","SRR1238381","betalactams",0,9330,0
"Resfams","Soil","SRR1238381","betalactams",12,12,100
"MMARC","Soil","SRR1238382","Glycopeptides",5700,5840,97.6027397260274
"Resfams","Soil","SRR1238382","Glycopeptides",213,245,86.9387755102041
"MMARC","Soil","SRR1238383","betalactams",8089480.00002471,8089480.00002471,100
"Resfams","Soil","SRR1238383","betalactams",10,22,45.4545454545455
"MMARC","Soil","SRR1238384","Tetracyclines",14532.9059523813,14810.0000000004,98.1290071058809
"Resfams","Soil","SRR1238384","Tetracyclines",57,72,79.1666666666667
"MMARC","Soil","SRR1238385","Tetracyclines",515.999999999999,515.999999999999,100
"Resfams","Soil","SRR1238385","Tetracyclines",21,31,67.741935483871
"MMARC","Soil","SRR1238386","Trimethoprim",127348.166666667,127359,99.9914938611851
"Resfams","Soil","SRR1238386","Trimethoprim",16,27,59.2592592592593
"MMARC","Soil","SRR1238387","Trimethoprim",55251.7595238095,59452.9999999999,92.9335097031429
"Resfams","Soil","SRR1238387","Trimethoprim",138,204,67.6470588235294
"Alignment","Pediatric","SRR961689","betalactams",12324,12496,98.6235595390525
"MMARC","Pediatric","SRR961689","betalactams",133090.414403198,147056.000000015,90.5032194559791
"Resfams","Pediatric","SRR961689","betalactams",7594,8447,89.9017402628152
"Alignment","Pediatric","SRR961690","Phenicol",4180,4826,86.6141732283465
"MMARC","Pediatric","SRR961690","Phenicol",43112.3879726864,58808.0000000038,73.3104135027269
"Resfams","Pediatric","SRR961690","Phenicol",868,1297,66.9236700077101
"Alignment","Pediatric","SRR961691","betalactams",5606,5832,96.1248285322359
"MMARC","Pediatric","SRR961691","betalactams",61944.5873015829,67109.9999999956,92.3030655663642
"Resfams","Pediatric","SRR961691","betalactams",3590,3719,96.5313256251681
"Alignment","Pediatric","SRR961692","Glycopeptides",0,174,0
"MMARC","Pediatric","SRR961692","Glycopeptides",168846.309127005,184262.000000021,91.633819847275
"Resfams","Pediatric","SRR961692","Glycopeptides",79302,84368,93.9953536886023
"Alignment","Pediatric","SRR961693","betalactams",23313,23507,99.174713915004
"MMARC","Pediatric","SRR961693","betalactams",254389.48452388,258623.00000007,98.3630553059127
"Resfams","Pediatric","SRR961693","betalactams",17985,18093,99.4030840656607
"Alignment","Pediatric","SRR961694","Aminoglycosides",146,1163,12.5537403267412
"MMARC","Pediatric","SRR961694","Aminoglycosides",18335.8948835479,26533.0000000001,69.1059996364822
"Resfams","Pediatric","SRR961694","Aminoglycosides",2308,2533,91.1172522700355
"Alignment","Pediatric","SRR961695","betalactams",40035,61094,65.5301666284741
"MMARC","Pediatric","SRR961695","betalactams",342329.863888941,373938.000000052,91.5472254461684
"Resfams","Pediatric","SRR961695","betalactams",25414,26002,97.7386354895777
"Alignment","Pediatric","SRR961696","betalactams",24523,48789,50.2633790403575
"MMARC","Pediatric","SRR961696","betalactams",98646.3809523833,138600.000000002,71.1734350305784
"Resfams","Pediatric","SRR961696","betalactams",29726,30668,96.928394417634
"Alignment","Pediatric","SRR961697","betalactams",1201,2641,45.4751987883377
"MMARC","Pediatric","SRR961697","betalactams",36817.6499999991,39070.9999999991,94.2326789690561
"Resfams","Pediatric","SRR961697","betalactams",11186,11796,94.8287555103425
"Alignment","Pediatric","SRR961698","Tetracyclines",104556,105792,98.8316696914701
"MMARC","Pediatric","SRR961698","Tetracyclines",155102.852029395,174524.999999761,88.8714235952486
"Resfams","Pediatric","SRR961698","Tetracyclines",2252,2747,81.9803421914816
"Alignment","Pediatric","SRR961699","Trimethoprim",1475,2078,70.9817131857555
"MMARC","Pediatric","SRR961699","Trimethoprim",51173.2666666686,56266.000000002,90.9488264078961
"Resfams","Pediatric","SRR961699","Trimethoprim",4231,4518,93.6476316954405
"Alignment","Pediatric","SRR961700","Trimethoprim",221,273,80.9523809523809
"MMARC","Pediatric","SRR961700","Trimethoprim",133382.209523808,135439.999999998,98.4806626726296
"Resfams","Pediatric","SRR961700","Trimethoprim",11057,11890,92.9941126997477
"Alignment","Pediatric","SRR961701","Phenicol",669,2341,28.5775309696711
"MMARC","Pediatric","SRR961701","Phenicol",13704.9016886704,29420.9999999996,46.5820389812399
"Resfams","Pediatric","SRR961701","Phenicol",1457,2155,67.6102088167053
"Alignment","Pediatric","SRR961702","Glycopeptides",0,289,0
"MMARC","Pediatric","SRR961702","Glycopeptides",518201.231962828,560807.000000346,92.4027752796431
"Resfams","Pediatric","SRR961702","Glycopeptides",94038,97876,96.0787118394703
"Alignment","Pediatric","SRR961703","Aminoglycosides",139401,139940,99.6148349292554
"MMARC","Pediatric","SRR961703","Aminoglycosides",164698.412633202,172314.000000002,95.5804012635074
"Resfams","Pediatric","SRR961703","Aminoglycosides",1024,1238,82.7140549273021
"Alignment","Pediatric","SRR961704","betalactams",432,486,88.8888888888889
"MMARC","Pediatric","SRR961704","betalactams",73413.6270562769,78993.9999999999,92.9357002510027
"Resfams","Pediatric","SRR961704","betalactams",8468,9221,91.8338574991866
"Alignment","Pediatric","SRR961705","Tetracyclines",58104,58188,99.8556403382141
"MMARC","Pediatric","SRR961705","Tetracyclines",75130.0941557903,80352.9999999462,93.5000487297806
"Resfams","Pediatric","SRR961705","Tetracyclines",1791,2030,88.2266009852217
"Alignment","Pediatric","SRR961706","Trimethoprim",1159,1183,97.9712595097211
"MMARC","Pediatric","SRR961706","Trimethoprim",33476.0833333333,35083,95.4196714458094
"Resfams","Pediatric","SRR961706","Trimethoprim",676,804,84.0796019900498
"Alignment","Pediatric","SRR961707","Trimethoprim",10125,10270,98.5881207400195
"MMARC","Pediatric","SRR961707","Trimethoprim",126653.866666668,134060.000000001,94.4755084787906
"Resfams","Pediatric","SRR961707","Trimethoprim",8986,10840,82.8966789667897
"Alignment","Pediatric","SRR961708","betalactams",809,1040,77.7884615384615
"MMARC","Pediatric","SRR961708","betalactams",10426.5452380947,13003.9999999994,80.1795235165728
"Resfams","Pediatric","SRR961708","betalactams",256,357,71.7086834733894
"Alignment","Pediatric","SRR961709","betalactams",3182,3200,99.4375
"MMARC","Pediatric","SRR961709","betalactams",35165.7805555512,36736.9999999956,95.7230600091335
"Resfams","Pediatric","SRR961709","betalactams",1096,1157,94.7277441659464
"Alignment","Pediatric","SRR961710","Glycopeptides",0,107,0
"MMARC","Pediatric","SRR961710","Glycopeptides",221489.797618981,229973.999999933,96.3107993160293
"Resfams","Pediatric","SRR961710","Glycopeptides",69334,69720,99.4463568559954
"Alignment","Pediatric","SRR961711","betalactams",45003,45003,100
"MMARC","Pediatric","SRR961711","betalactams",450701.923809956,451598.000000432,99.8015765812791
"Resfams","Pediatric","SRR961711","betalactams",18868,19260,97.9646936656282
"Alignment","Pediatric","SRR961712","Aminoglycosides",5545,6233,88.9619765762875
"MMARC","Pediatric","SRR961712","Aminoglycosides",11310.1259748421,20238,55.8855913372969
"Resfams","Pediatric","SRR961712","Aminoglycosides",250,463,53.9956803455724
"Alignment","Pediatric","SRR961713","betalactams",168499,173444,97.1489356795277
"MMARC","Pediatric","SRR961713","betalactams",1988239.27324879,2068173.00000283,96.1350560734559
"Resfams","Pediatric","SRR961713","betalactams",64404,65642,98.1140123701289
"Alignment","Pediatric","SRR961714","betalactams",2351,2693,87.3004084663944
"MMARC","Pediatric","SRR961714","betalactams",26868.407881013,31552.0000000051,85.1559580407221
"Resfams","Pediatric","SRR961714","betalactams",1623,1730,93.8150289017341
"Alignment","Pediatric","SRR961715","betalactams",205,11896,1.72326832548756
"MMARC","Pediatric","SRR961715","betalactams",263812.435979306,293556.999999901,89.8675337257825
"Resfams","Pediatric","SRR961715","betalactams",43555,47043,92.5855068766873
"Alignment","Pediatric","SRR961716","Trimethoprim",6531,8935,73.0945719082261
"MMARC","Pediatric","SRR961716","Trimethoprim",486261.377849912,495971.999999984,98.0421027497374
"Resfams","Pediatric","SRR961716","Trimethoprim",9172,10189,90.0186475610953
"Alignment","Pediatric","SRR961717","Trimethoprim",4813,4972,96.8020917135961
"MMARC","Pediatric","SRR961717","Trimethoprim",459446.443542553,469048.999999985,97.9527604882578
"Resfams","Pediatric","SRR961717","Trimethoprim",15612,17029,91.6789006988079
"Alignment","Pediatric","SRR961718","Phenicol",0,32,0
"MMARC","Pediatric","SRR961718","Phenicol",15917.6484126985,20628.0000000001,77.1652531156604
"Resfams","Pediatric","SRR961718","Phenicol",2313,2573,89.8950641274777
"Alignment","Pediatric","SRR961719","Glycopeptides",0,64,0
"MMARC","Pediatric","SRR961719","Glycopeptides",136240.816666701,144132.000000034,94.5250302963038
"Resfams","Pediatric","SRR961719","Glycopeptides",45914,47074,97.5357947062072
"Alignment","Pediatric","SRR961720","betalactams",57,57,100
"MMARC","Pediatric","SRR961720","betalactams",108560.666666681,111781.000000014,97.1190691322023
"Resfams","Pediatric","SRR961720","betalactams",24739,25239,98.0189389436982
"Alignment","Pediatric","SRR961721","betalactams",47,245,19.1836734693878
"MMARC","Pediatric","SRR961721","betalactams",3886.42222222222,9006,43.1537000024675
"Resfams","Pediatric","SRR961721","betalactams",673,818,82.2738386308068
"Alignment","Pediatric","SRR961722","betalactams",20,29,68.9655172413793
"MMARC","Pediatric","SRR961722","betalactams",1179.86666666667,3028,38.9652135623074
"Resfams","Pediatric","SRR961722","betalactams",283,369,76.6937669376694
"Alignment","Pediatric","SRR961723","Tetracyclines",73101,73200,99.8647540983606
"MMARC","Pediatric","SRR961723","Tetracyclines",102495.671789318,107100.999999996,95.7000138087615
"Resfams","Pediatric","SRR961723","Tetracyclines",866,1108,78.158844765343
"Alignment","Pediatric","SRR961724","Tetracyclines",598419,598571,99.9746061870689
"MMARC","Pediatric","SRR961724","Tetracyclines",464042.59127499,497316,93.3094031310052
"Resfams","Pediatric","SRR961724","Tetracyclines",9857,12520,78.7300319488818
"Alignment","Pediatric","SRR961725","Trimethoprim",57,57,100
"MMARC","Pediatric","SRR961725","Trimethoprim",24099.5,24850,96.9798792756539
"Resfams","Pediatric","SRR961725","Trimethoprim",275,368,74.7282608695652
"Alignment","Pediatric","SRR961726","Trimethoprim",12,45,26.6666666666667
"MMARC","Pediatric","SRR961726","Trimethoprim",96261.5000000003,99013.0000000003,97.221071980447
"Resfams","Pediatric","SRR961726","Trimethoprim",6498,7860,82.6717557251908
"Alignment","Pediatric","SRR961727","Phenicol",20,334,5.98802395209581
"MMARC","Pediatric","SRR961727","Phenicol",69347.0031746042,76412.000000001,90.7540741959421
"Resfams","Pediatric","SRR961727","Phenicol",2114,2494,84.7634322373697
"Alignment","Pediatric","SRR961728","Glycopeptides",0,38,0
"MMARC","Pediatric","SRR961728","Glycopeptides",92706.3166667387,94726.0000000721,97.8678680263795
"Resfams","Pediatric","SRR961728","Glycopeptides",31443,31864,98.6787597288476
"Alignment","Pediatric","SRR961729","betalactams",2873,2909,98.7624613269165
"MMARC","Pediatric","SRR961729","betalactams",36938.5333333248,38096.9999999915,96.9591656385885
"Resfams","Pediatric","SRR961729","betalactams",5965,6451,92.4662842970082
"Alignment","Pediatric","SRR961730","Tetracyclines",3951,3959,99.7979287698914
"MMARC","Pediatric","SRR961730","Tetracyclines",9000.04285714258,10297.9999999997,87.3960269677881
"Resfams","Pediatric","SRR961730","Tetracyclines",120,267,44.9438202247191
"MMARC","Pediatric","SRR961731","Trimethoprim",27173.2833333332,28405.9999999998,95.660365181065
"Resfams","Pediatric","SRR961731","Trimethoprim",564,712,79.2134831460674
"Alignment","Pediatric","SRR961732","Trimethoprim",46,907,5.07166482910695
"MMARC","Pediatric","SRR961732","Trimethoprim",105594.676190476,113532,93.0087342691719
"Resfams","Pediatric","SRR961732","Trimethoprim",10165,11510,88.3145091225022
"Alignment","Pediatric","SRR961733","Phenicol",376,758,49.6042216358839
"MMARC","Pediatric","SRR961733","Phenicol",9713.70020583946,23406.9999999992,41.4991250730114
"Resfams","Pediatric","SRR961733","Phenicol",126,334,37.7245508982036
"Alignment","Pediatric","SRR961734","betalactams",0,3021,0
"MMARC","Pediatric","SRR961734","betalactams",1208402.65097005,1276798.9999998,94.6431388942384
"Resfams","Pediatric","SRR961734","betalactams",30460,32199,94.599211155626
"Alignment","Pediatric","SRR961735","Aminoglycosides",62228,62269,99.9341566429523
"MMARC","Pediatric","SRR961735","Aminoglycosides",165265.569047607,168147.999999988,98.2857774386962
"Resfams","Pediatric","SRR961735","Aminoglycosides",5737,5872,97.7009536784741
"Alignment","Pediatric","SRR961736","betalactams",116,455,25.4945054945055
"MMARC","Pediatric","SRR961736","betalactams",15925.9706349201,28845.9999999995,55.2103259894627
"Resfams","Pediatric","SRR961736","betalactams",1918,2481,77.3075372833535
"Alignment","Pediatric","SRR961737","Tetracyclines",72167,72204,99.9487563015899
"MMARC","Pediatric","SRR961737","Tetracyclines",94542.0289681607,97660.9999999067,96.8063290036463
"Resfams","Pediatric","SRR961737","Tetracyclines",672,807,83.271375464684
"Alignment","Pediatric","SRR961738","Trimethoprim",157,294,53.4013605442177
"MMARC","Pediatric","SRR961738","Trimethoprim",32310.1428571428,34219.9999999999,94.4188861985472
"Resfams","Pediatric","SRR961738","Trimethoprim",1069,1193,89.6060352053646
"Alignment","Pediatric","SRR961739","Trimethoprim",813,895,90.8379888268156
"MMARC","Pediatric","SRR961739","Trimethoprim",72942.8049783533,80877.9999999983,90.1886854006712
"Resfams","Pediatric","SRR961739","Trimethoprim",6840,8660,78.9838337182448
"Alignment","Pediatric","SRR961740","Phenicol",2990,3073,97.2990562967784
"MMARC","Pediatric","SRR961740","Phenicol",7132.42500000007,10345.0000000001,68.9456259062351
"Resfams","Pediatric","SRR961740","Phenicol",225,369,60.9756097560976
"Alignment","Pediatric","SRR961741","Glycopeptides",0,175,0
"MMARC","Pediatric","SRR961741","Glycopeptides",275208.859523576,282451.999999766,97.4356207510669
"Resfams","Pediatric","SRR961741","Glycopeptides",54538,55723,97.8734095436355
"Alignment","Pediatric","SRR961742","betalactams",95,718,13.2311977715877
"MMARC","Pediatric","SRR961742","betalactams",9892.18527319473,41606.9999999999,23.7752908721964
"Resfams","Pediatric","SRR961742","betalactams",2387,4013,59.4816845252928
"Alignment","Pediatric","SRR961743","Tetracyclines",56592,56626,99.9399569102532
"MMARC","Pediatric","SRR961743","Tetracyclines",80793.9934703426,84339.9999999241,95.7955815395012
"Resfams","Pediatric","SRR961743","Tetracyclines",649,853,76.084407971864
"MMARC","Pediatric","SRR961744","Trimethoprim",6924.16666666666,7292,94.9556591698665
"Resfams","Pediatric","SRR961744","Trimethoprim",257,322,79.8136645962733
"Alignment","Pediatric","SRR961745","Trimethoprim",17,38,44.7368421052632
"MMARC","Pediatric","SRR961745","Trimethoprim",4910,6873,71.4389640622727
"Resfams","Pediatric","SRR961745","Trimethoprim",313,429,72.960372960373
"Alignment","Pediatric","SRR961746","betalactams",98,98,100
"MMARC","Pediatric","SRR961746","betalactams",9709.97619047613,11230.9999999999,86.4569155950154
"Resfams","Pediatric","SRR961746","betalactams",312,366,85.2459016393443
"Alignment","Pediatric","SRR961747","Phenicol",2367,2367,100
"MMARC","Pediatric","SRR961747","Phenicol",8422.47182539679,10592,79.5172944240636
"Resfams","Pediatric","SRR961747","Phenicol",61,210,29.047619047619
"Alignment","Pediatric","SRR961748","betalactams",70,973,7.19424460431655
"MMARC","Pediatric","SRR961748","betalactams",38182.682453334,45518.000000003,83.8847982190155
"Resfams","Pediatric","SRR961748","betalactams",1845,2047,90.1319003419639
"Alignment","Pediatric","SRR961749","Glycopeptides",0,70,0
"MMARC","Pediatric","SRR961749","Glycopeptides",130647.409523856,132768.000000046,98.4027849510502
"Resfams","Pediatric","SRR961749","Glycopeptides",52241,52809,98.9244257607605
"Alignment","Pediatric","SRR961750","betalactams",619,994,62.2736418511066
"MMARC","Pediatric","SRR961750","betalactams",9897.22261904751,16021.9999999999,61.7727039011833
"Resfams","Pediatric","SRR961750","betalactams",475,621,76.4895330112721
"Alignment","Pediatric","SRR961751","Aminoglycosides",8539,8539,100
"MMARC","Pediatric","SRR961751","Aminoglycosides",13758.4952380952,14572,94.4173431107277
"Resfams","Pediatric","SRR961751","Aminoglycosides",90,155,58.0645161290323
"Alignment","Pediatric","SRR961752","betalactams",4603,4659,98.7980253273235
"MMARC","Pediatric","SRR961752","betalactams",325916.347496929,335932.999999981,97.018258848326
"Resfams","Pediatric","SRR961752","betalactams",28688,30086,95.353320481287
"Alignment","Pediatric","SRR961753","betalactams",519,763,68.0209698558322
"MMARC","Pediatric","SRR961753","betalactams",11685.643308961,31159.0000000001,37.5032681053981
"Resfams","Pediatric","SRR961753","betalactams",2113,3123,67.6593019532501
"Alignment","Pediatric","SRR961754","Tetracyclines",25665,25678,99.949373004128
"MMARC","Pediatric","SRR961754","Tetracyclines",36771.3726190555,39415.0000000079,93.2928393227151
"Resfams","Pediatric","SRR961754","Tetracyclines",196,356,55.0561797752809
"Alignment","Pediatric","SRR961755","Tetracyclines",51142,51192,99.9023284888264
"MMARC","Pediatric","SRR961755","Tetracyclines",48736.5623015873,50897,95.755274970209
"Resfams","Pediatric","SRR961755","Tetracyclines",640,771,83.0090791180285
"Alignment","Pediatric","SRR961756","Trimethoprim",349,349,100
"MMARC","Pediatric","SRR961756","Trimethoprim",5645.64285714286,6067,93.0549341872895
"Resfams","Pediatric","SRR961756","Trimethoprim",279,341,81.8181818181818
"Alignment","Pediatric","SRR961757","Trimethoprim",228,228,100
"MMARC","Pediatric","SRR961757","Trimethoprim",11828.6666666667,12554,94.2222930274547
"Resfams","Pediatric","SRR961757","Trimethoprim",974,1146,84.9912739965096
"MMARC","Pediatric","SRR961758","Phenicol",3199.71465919701,6013.99999999999,53.2044339740108
"Resfams","Pediatric","SRR961758","Phenicol",351,786,44.6564885496183
"Alignment","Pediatric","SRR961759","Glycopeptides",0,311,0
"MMARC","Pediatric","SRR961759","Glycopeptides",187245.933333325,195087.999999992,95.980241395336
"Resfams","Pediatric","SRR961759","Glycopeptides",60196,60802,99.0033222591362
"Alignment","Pediatric","SRR961760","Aminoglycosides",2263,2449,92.4050632911392
"MMARC","Pediatric","SRR961760","Aminoglycosides",4053.15125968802,11155,36.3348387242315
"Resfams","Pediatric","SRR961760","Aminoglycosides",851,1205,70.6224066390042
"Alignment","Pediatric","SRR961761","betalactams",159,420312,0.0378290412836179
"MMARC","Pediatric","SRR961761","betalactams",9066.53571842767,555179.000003788,1.63308333318908
"Resfams","Pediatric","SRR961761","betalactams",1861,12102,15.3776235333003
"Alignment","Pediatric","SRR961762","betalactams",19,19,100
"MMARC","Pediatric","SRR961762","betalactams",10042.5321428567,10747.9999999995,93.4362871497684
"Resfams","Pediatric","SRR961762","betalactams",828,963,85.981308411215
"Alignment","Pediatric","SRR961763","Tetracyclines",24535,24553,99.9266892029487
"MMARC","Pediatric","SRR961763","Tetracyclines",31738.4633699804,33823.000000017,93.8369256717749
"Resfams","Pediatric","SRR961763","Tetracyclines",593,892,66.4798206278027
"Alignment","Pediatric","SRR961764","Trimethoprim",3784,3784,100
"MMARC","Pediatric","SRR961764","Trimethoprim",25206.5000000001,25575.0000000001,98.5591397849462
"Resfams","Pediatric","SRR961764","Trimethoprim",1316,1469,89.5847515316542
"Alignment","Pediatric","SRR961765","Trimethoprim",6433,6433,100
"MMARC","Pediatric","SRR961765","Trimethoprim",47619.9166666661,48962.9999999994,97.2569423169876
"Resfams","Pediatric","SRR961765","Trimethoprim",1942,2372,81.8718381112985
"Alignment","Pediatric","SRR961766","Phenicol",6102,6102,100
"MMARC","Pediatric","SRR961766","Phenicol",82684.0674603244,86096.0000000068,96.0370603283751
"Resfams","Pediatric","SRR961766","Phenicol",885,1012,87.4505928853755
"Alignment","Pediatric","SRR961767","Glycopeptides",0,132,0
"MMARC","Pediatric","SRR961767","Glycopeptides",226130.491720525,243704.999999746,92.7886139885357
"Resfams","Pediatric","SRR961767","Glycopeptides",57126,58802,97.1497568109928
"Alignment","Pediatric","SRR961768","betalactams",0,114,0
"MMARC","Pediatric","SRR961768","betalactams",111,1517,7.31707317073171
"Resfams","Pediatric","SRR961768","betalactams",20,92,21.7391304347826
"Alignment","Pediatric","SRR961769","Tetracyclines",745918,746979,99.8579612010512
"MMARC","Pediatric","SRR961769","Tetracyclines",840257.314410238,864285.000004506,97.2199349064091
"Resfams","Pediatric","SRR961769","Tetracyclines",12481,13262,94.1109938169205
"Alignment","Pediatric","SRR961770","Trimethoprim",93,93,100
"MMARC","Pediatric","SRR961770","Trimethoprim",6773.33333333333,7249.99999999999,93.4252873563218
"Resfams","Pediatric","SRR961770","Trimethoprim",150,219,68.4931506849315
"Alignment","Pediatric","SRR961771","betalactams",3043,3180,95.6918238993711
"MMARC","Pediatric","SRR961771","betalactams",41989.605321912,53057.0000000032,79.1405569894821
"Resfams","Pediatric","SRR961771","betalactams",2223,2796,79.5064377682403
"Alignment","Pediatric","SRR961772","Phenicol",112,135,82.962962962963
"MMARC","Pediatric","SRR961772","Phenicol",6571.94603174601,8697.99999999997,75.5569789807545
"Resfams","Pediatric","SRR961772","Phenicol",65,193,33.6787564766839
"Alignment","Pediatric","SRR961773","betalactams",101,3969,2.54472159234064
"MMARC","Pediatric","SRR961773","betalactams",12994.8583467843,37833.9999999999,34.3470379732102
"Resfams","Pediatric","SRR961773","betalactams",2219,3576,62.0525727069351
"Alignment","Pediatric","SRR961774","Glycopeptides",0,116,0
"MMARC","Pediatric","SRR961774","Glycopeptides",190351.480555536,196921.999999981,96.663389847531
"Resfams","Pediatric","SRR961774","Glycopeptides",76470,77220,99.028749028749
"Alignment","Pediatric","SRR961775","betalactams",9046,9647,93.7700839639266
"MMARC","Pediatric","SRR961775","betalactams",91496.6166667125,93532.0000000458,97.8238642033397
"Resfams","Pediatric","SRR961775","betalactams",5692,5746,99.0602158022973
"Alignment","Pediatric","SRR961776","Aminoglycosides",60762,61302,99.1191152001566
"MMARC","Pediatric","SRR961776","Aminoglycosides",130656.960714294,133231.000000008,98.0679877162866
"Resfams","Pediatric","SRR961776","Aminoglycosides",4001,4109,97.3716232660015
"Alignment","Pediatric","SRR961777","betalactams",25221,25348,99.4989742780495
"MMARC","Pediatric","SRR961777","betalactams",625195.99430581,635447.000000116,98.3868039829752
"Resfams","Pediatric","SRR961777","betalactams",30726,31480,97.6048284625159
"Alignment","Pediatric","SRR961778","betalactams",363,597,60.8040201005025
"MMARC","Pediatric","SRR961778","betalactams",7596.87418195839,18870,40.2590046738654
"Resfams","Pediatric","SRR961778","betalactams",1114,1975,56.4050632911392
"Alignment","Pediatric","SRR961779","Tetracyclines",148500,148623,99.9172402656386
"MMARC","Pediatric","SRR961779","Tetracyclines",213705.394512042,219976.999999774,97.1489721708461
"Resfams","Pediatric","SRR961779","Tetracyclines",2585,2800,92.3214285714286
"Alignment","Pediatric","SRR961780","Trimethoprim",129,199,64.8241206030151
"MMARC","Pediatric","SRR961780","Trimethoprim",21062.3333333333,22215,94.811313676945
"Resfams","Pediatric","SRR961780","Trimethoprim",234,356,65.7303370786517
"Alignment","Pediatric","SRR961781","Trimethoprim",21,59,35.5932203389831
"MMARC","Pediatric","SRR961781","Trimethoprim",76351.5166666665,77228.9999999999,98.8637903723558
"Resfams","Pediatric","SRR961781","Trimethoprim",4502,4898,91.9150673744386
"Alignment","Pediatric","SRR961782","Phenicol",19341,19687,98.2424950474933
"MMARC","Pediatric","SRR961782","Phenicol",56381.0761904801,59202.0000000039,95.2350869742177
"Resfams","Pediatric","SRR961782","Phenicol",488,662,73.7160120845922
"Alignment","Pediatric","SRR961783","Glycopeptides",0,155,0
"MMARC","Pediatric","SRR961783","Glycopeptides",179845.396969694,185223.999999998,97.0961630078699
"Resfams","Pediatric","SRR961783","Glycopeptides",106005,106971,99.0969515102224
"Alignment","Pediatric","SRR961784","Aminoglycosides",26939,27156,99.2009132420091
"MMARC","Pediatric","SRR961784","Aminoglycosides",31038.0333333334,33469.0000000001,92.7366617865289
"Resfams","Pediatric","SRR961784","Aminoglycosides",209,303,68.976897689769
"Alignment","Pediatric","SRR961785","betalactams",40,40,100
"MMARC","Pediatric","SRR961785","betalactams",59020.5242063485,63671.9999999993,92.6946290462827
"Resfams","Pediatric","SRR961785","betalactams",3683,4827,76.2999792831987
"Alignment","Pediatric","SRR961786","betalactams",313,313,100
"MMARC","Pediatric","SRR961786","betalactams",12760.9999999999,14382.9999999999,88.7227977473406
"Resfams","Pediatric","SRR961786","betalactams",1369,1686,81.1981020166074
"Alignment","Pediatric","SRR961787","Tetracyclines",90897,91006,99.880227677296
"MMARC","Pediatric","SRR961787","Tetracyclines",168255.862517809,172817.999999772,97.3601491268453
"Resfams","Pediatric","SRR961787","Tetracyclines",1807,1970,91.7258883248731
"Alignment","Pediatric","SRR961788","Trimethoprim",12865,13032,98.7185389809699
"MMARC","Pediatric","SRR961788","Trimethoprim",71026.9095238094,73423.9999999999,96.7352766449792
"Resfams","Pediatric","SRR961788","Trimethoprim",1661,1855,89.5417789757412
"Alignment","Pediatric","SRR961789","Trimethoprim",774,774,100
"MMARC","Pediatric","SRR961789","Trimethoprim",57459.4761904762,58822,97.6836492986913
"Resfams","Pediatric","SRR961789","Trimethoprim",1618,1741,92.9350947731189
"Alignment","Pediatric","SRR961790","Phenicol",105,841,12.4851367419738
"MMARC","Pediatric","SRR961790","Phenicol",71859.7806998736,78419.0000000179,91.6356759201943
"Resfams","Pediatric","SRR961790","Phenicol",1921,2440,78.7295081967213
"Alignment","Pediatric","SRR961791","Glycopeptides",0,367,0
"MMARC","Pediatric","SRR961791","Glycopeptides",436896.428390731,448910.999999678,97.3236183544277
"Resfams","Pediatric","SRR961791","Glycopeptides",109636,110298,99.3998077934323
"MMARC","Pediatric","SRR961792","betalactams",32127.5666666758,32543.0000000092,98.7234325866293
"Resfams","Pediatric","SRR961792","betalactams",3493,3662,95.3850354997269
"Alignment","Pediatric","SRR961793","Tetracyclines",190446,190498,99.9727031254921
"MMARC","Pediatric","SRR961793","Tetracyclines",267703.321625784,276830.000000187,96.7031469225167
"Resfams","Pediatric","SRR961793","Tetracyclines",4608,4870,94.6201232032854
"Alignment","Pediatric","SRR961794","Trimethoprim",977,3354,29.1293977340489
"MMARC","Pediatric","SRR961794","Trimethoprim",83352.5595238089,88925.9999999993,93.7324961471443
"Resfams","Pediatric","SRR961794","Trimethoprim",3337,3767,88.5850809662862
"Alignment","Pediatric","SRR961795","Trimethoprim",0,58,0
"MMARC","Pediatric","SRR961795","Trimethoprim",28687.1666666667,29405,97.5588051918608
"Resfams","Pediatric","SRR961795","Trimethoprim",5253,5886,89.2456676860347
"Alignment","Pediatric","SRR961796","Glycopeptides",0,184,0
"MMARC","Pediatric","SRR961796","Glycopeptides",161019.633333392,167798.000000058,95.9604007993753
"Resfams","Pediatric","SRR961796","Glycopeptides",31873,32761,97.2894600286927
"MMARC","Pediatric","SRR961797","Trimethoprim",11510.5,12239,94.0477163166925
"Resfams","Pediatric","SRR961797","Trimethoprim",997,1061,93.9679547596607
"Alignment","Pediatric","SRR961798","Phenicol",1237,1250,98.96
"MMARC","Pediatric","SRR961798","Phenicol",30996.2793650831,32419.0000000037,95.6114604555339
"Resfams","Pediatric","SRR961798","Phenicol",284,401,70.8229426433915
"Alignment","Pediatric","SRR961799","betalactams",1635,1903,85.9169732002102
"MMARC","Pediatric","SRR961799","betalactams",17666.777733378,22997.0000000003,76.8220973752133
"Resfams","Pediatric","SRR961799","betalactams",407,542,75.0922509225092
"Alignment","Pediatric","SRR961800","Glycopeptides",0,68,0
"MMARC","Pediatric","SRR961800","Glycopeptides",114505.491666683,124781.000000016,91.7651659039982
"Resfams","Pediatric","SRR961800","Glycopeptides",27652,28308,97.6826338844143
"Alignment","Pediatric","SRR961801","betalactams",22212,22238,99.8830830110621
"MMARC","Pediatric","SRR961801","betalactams",204588.716666436,205845.999999769,99.3892116760419
"Resfams","Pediatric","SRR961801","betalactams",8299,8357,99.30597104224
"Alignment","Pediatric","SRR961802","Aminoglycosides",73900,74181,99.6211968024157
"MMARC","Pediatric","SRR961802","Aminoglycosides",140150.746608905,144831.999999958,96.7678044968966
"Resfams","Pediatric","SRR961802","Aminoglycosides",363,516,70.3488372093023
"Alignment","Pediatric","SRR961803","betalactams",117725,154141,76.3748775471808
"MMARC","Pediatric","SRR961803","betalactams",473445.982591803,533809.000000126,88.692019541014
"Resfams","Pediatric","SRR961803","betalactams",35797,37452,95.5810103599274
"Alignment","Pediatric","SRR961804","Tetracyclines",45625,45898,99.4052028410824
"MMARC","Pediatric","SRR961804","Tetracyclines",59279.2847680112,61866.0000000014,95.8188419616749
"Resfams","Pediatric","SRR961804","Tetracyclines",558,710,78.5915492957746
"Alignment","Pediatric","SRR961805","Tetracyclines",152382,152382,100
"MMARC","Pediatric","SRR961805","Tetracyclines",128946.211904762,132932,97.0016338464492
"Resfams","Pediatric","SRR961805","Tetracyclines",2803,3281,85.4312709539774
"Alignment","Pediatric","SRR961806","Trimethoprim",1641,1641,100
"MMARC","Pediatric","SRR961806","Trimethoprim",46276.6666666659,47314.9999999992,97.8054880411427
"Resfams","Pediatric","SRR961806","Trimethoprim",417,529,78.82797731569
"Alignment","Pediatric","SRR961807","Trimethoprim",97,97,100
"MMARC","Pediatric","SRR961807","Trimethoprim",24250.8333333333,25030,96.8870688507125
"Resfams","Pediatric","SRR961807","Trimethoprim",540,658,82.0668693009118
"Alignment","Pediatric","SRR961808","betalactams",1797,1810,99.2817679558011
"MMARC","Pediatric","SRR961808","betalactams",21109.4166666691,22104.0000000025,95.5004373265779
"Resfams","Pediatric","SRR961808","betalactams",697,748,93.1818181818182
"Alignment","Pediatric","SRR961809","Phenicol",233,464,50.2155172413793
"MMARC","Pediatric","SRR961809","Phenicol",16963.4644522142,28427.9999999997,59.6716774033148
"Resfams","Pediatric","SRR961809","Phenicol",760,1665,45.6456456456456
"Alignment","Pediatric","SRR961810","betalactams",9100,9416,96.6440101954121
"MMARC","Pediatric","SRR961810","betalactams",102451.122619107,104538.00000006,98.0037140743546
"Resfams","Pediatric","SRR961810","betalactams",5413,5509,98.257396986749
"Alignment","Pediatric","SRR961811","Glycopeptides",0,567,0
"MMARC","Pediatric","SRR961811","Glycopeptides",79491.0666666714,107655.000000005,73.8387131732551
"Resfams","Pediatric","SRR961811","Glycopeptides",37688,39181,96.1894795947015
"Alignment","Pediatric","SRR961812","betalactams",11613,11925,97.3836477987421
"MMARC","Pediatric","SRR961812","betalactams",122226.166666669,124848.000000003,97.8999797086591
"Resfams","Pediatric","SRR961812","betalactams",4389,4509,97.3386560212907
"Alignment","Pediatric","SRR961813","betalactams",19321,19321,100
"MMARC","Pediatric","SRR961813","betalactams",235895.976190346,237946.99999987,99.1380333395567
"Resfams","Pediatric","SRR961813","betalactams",13524,13836,97.7450130095403
"Alignment","Pediatric","SRR961814","betalactams",32007,32774,97.6597302739977
"MMARC","Pediatric","SRR961814","betalactams",341692.3105804,360476.000000089,94.7891983322928
"Resfams","Pediatric","SRR961814","betalactams",11618,12763,91.0287549949072
"Alignment","Pediatric","SRR961815","Tetracyclines",32672,32754,99.7496488978445
"MMARC","Pediatric","SRR961815","Tetracyclines",39175.0784770922,50821.0000000137,77.0844306036513
"Resfams","Pediatric","SRR961815","Tetracyclines",2097,2975,70.4873949579832
"Alignment","Pediatric","SRR961816","Trimethoprim",2179,2301,94.6979574098218
"MMARC","Pediatric","SRR961816","Trimethoprim",85896.7857142881,88204.0000000024,97.3842294162235
"Resfams","Pediatric","SRR961816","Trimethoprim",3978,4661,85.3464921690624
"Alignment","Pediatric","SRR961817","Trimethoprim",2055,2091,98.2783357245337
"MMARC","Pediatric","SRR961817","Trimethoprim",130045.333333322,135169.999999989,96.2087248156639
"Resfams","Pediatric","SRR961817","Trimethoprim",3292,5797,56.7879937898913
"Alignment","Pediatric","SRR961818","Glycopeptides",0,79019,0
"MMARC","Pediatric","SRR961818","Glycopeptides",983.344444444438,718012.999999265,0.13695357109766
"Resfams","Pediatric","SRR961818","Glycopeptides",8617,37828,22.779422649889
"Alignment","Pediatric","SRR961819","betalactams",36205,36215,99.9723871324037
"MMARC","Pediatric","SRR961819","betalactams",389323.133333778,391741.000000444,99.3827894791038
"Resfams","Pediatric","SRR961819","betalactams",22907,23542,97.3026930592133
"Alignment","Pediatric","SRR961820","Tetracyclines",125519,125551,99.9745123495631
"MMARC","Pediatric","SRR961820","Tetracyclines",165098.817737561,169530.999999743,97.3856213540952
"Resfams","Pediatric","SRR961820","Tetracyclines",6242,6396,97.5922451532208
"Alignment","Pediatric","SRR961821","Trimethoprim",708,1324,53.4743202416918
"MMARC","Pediatric","SRR961821","Trimethoprim",17362,19396,89.5133017116931
"Resfams","Pediatric","SRR961821","Trimethoprim",1490,1890,78.8359788359788
"Alignment","Pediatric","SRR961822","Trimethoprim",18,49,36.734693877551
"MMARC","Pediatric","SRR961822","Trimethoprim",46350.5,49119,94.3636881858344
"Resfams","Pediatric","SRR961822","Trimethoprim",3771,4222,89.3178588346755
"Alignment","Pediatric","SRR961823","Phenicol",378,706,53.5410764872521
"MMARC","Pediatric","SRR961823","Phenicol",2570.13128314753,15888,16.1765564145741
"Resfams","Pediatric","SRR961823","Phenicol",1295,1942,66.6838311019567
"Alignment","Pediatric","SRR961824","Glycopeptides",0,336,0
"MMARC","Pediatric","SRR961824","Glycopeptides",178470.686219223,193839.999999887,92.0711340380351
"Resfams","Pediatric","SRR961824","Glycopeptides",31517,32135,98.0768632332348
"Alignment","Pediatric","SRR961825","Tetracyclines",112281,112281,100
"MMARC","Pediatric","SRR961825","Tetracyclines",141390.937662211,143173.999999873,98.7546186195371
"Resfams","Pediatric","SRR961825","Tetracyclines",1116,1339,83.3457804331591
"MMARC","Pediatric","SRR961826","Trimethoprim",10270,11064,92.823571945047
"Resfams","Pediatric","SRR961826","Trimethoprim",145,248,58.4677419354839
"Alignment","Pediatric","SRR961827","Trimethoprim",19,554,3.42960288808664
"MMARC","Pediatric","SRR961827","Trimethoprim",346438.652777783,349559.000000005,99.1073474800471
"Resfams","Pediatric","SRR961827","Trimethoprim",5193,6037,86.0195461321849
"Alignment","Pediatric","SRR961828","Phenicol",597,2911,20.5084163517692
"MMARC","Pediatric","SRR961828","Phenicol",151199.358752494,179227.999999891,84.3614606828092
"Resfams","Pediatric","SRR961828","Phenicol",2666,3248,82.0812807881773
"Alignment","Pediatric","SRR961829","betalactams",338237,340226,99.41538859464
"MMARC","Pediatric","SRR961829","betalactams",534165.513277584,537213.000001971,99.4327228260717
"Resfams","Pediatric","SRR961829","betalactams",18198,18926,96.1534397125647
"Alignment","Pediatric","SRR961830","Glycopeptides",0,230,0
"MMARC","Pediatric","SRR961830","Glycopeptides",161094.184723629,177181.000000019,90.9206882925436
"Resfams","Pediatric","SRR961830","Glycopeptides",66859,70869,94.341672663647
"Alignment","Pediatric","SRR961831","betalactams",40998,41063,99.8417066458856
"MMARC","Pediatric","SRR961831","betalactams",107128.800000011,115334.000000011,92.8857058629725
"Resfams","Pediatric","SRR961831","betalactams",39505,41107,96.1028535285961
"Alignment","Pediatric","SRR961832","betalactams",13012,13689,95.0544232595515
"MMARC","Pediatric","SRR961832","betalactams",30393.7745604876,54834.9999999991,55.4276913658943
"Resfams","Pediatric","SRR961832","betalactams",6753,8332,81.0489678348536
"Alignment","Pediatric","SRR961833","Tetracyclines",107798,108517,99.3374310015942
"MMARC","Pediatric","SRR961833","Tetracyclines",170664.991193707,206465.999999924,82.6600947341305
"Resfams","Pediatric","SRR961833","Tetracyclines",10075,10970,91.8413855970829
"Alignment","Pediatric","SRR961834","Trimethoprim",2589,2953,87.6735523196749
"MMARC","Pediatric","SRR961834","Trimethoprim",199691.759523809,203843,97.963510899962
"Resfams","Pediatric","SRR961834","Trimethoprim",4631,5221,88.6994828576901
"Alignment","Pediatric","SRR961835","Trimethoprim",155,251,61.7529880478088
"MMARC","Pediatric","SRR961835","Trimethoprim",13237,16950,78.0943952802361
"Resfams","Pediatric","SRR961835","Trimethoprim",464,656,70.7317073170732
"Alignment","Pediatric","SRR961836","Phenicol",1005,2119,47.4280320906088
"MMARC","Pediatric","SRR961836","Phenicol",43790.3493367808,72055.0000000065,60.7735054288763
"Resfams","Pediatric","SRR961836","Phenicol",1453,1896,76.6350210970464
"Alignment","Pediatric","SRR961837","Glycopeptides",0,108,0
"MMARC","Pediatric","SRR961837","Glycopeptides",13758.8857142851,43106.9999999996,31.9179848151931
"Resfams","Pediatric","SRR961837","Glycopeptides",4067,4990,81.503006012024
"Alignment","Pediatric","SRR961838","betalactams",899,1342,66.9895678092399
"MMARC","Pediatric","SRR961838","betalactams",250228.954761704,266151.9999998,94.0173114468021
"Resfams","Pediatric","SRR961838","betalactams",13933,15137,92.0459800488868
"Alignment","Pediatric","SRR961839","Tetracyclines",6187,6358,97.3104749921359
"MMARC","Pediatric","SRR961839","Tetracyclines",14296.1690669625,49068.0000000002,29.1354224076026
"Resfams","Pediatric","SRR961839","Tetracyclines",1236,2435,50.7597535934292
"MMARC","Pediatric","SRR961840","Trimethoprim",3939.32301587302,5674,69.427617481019
"Resfams","Pediatric","SRR961840","Trimethoprim",834,1328,62.8012048192771
"Alignment","Pediatric","SRR961841","betalactams",1106,1518,72.8590250329381
"MMARC","Pediatric","SRR961841","betalactams",23221.384383196,49312.9999999997,47.0897823762419
"Resfams","Pediatric","SRR961841","betalactams",2817,4326,65.1178918169209
"Alignment","Pediatric","SRR961842","Phenicol",104915,108590,96.6157104705774
"MMARC","Pediatric","SRR961842","Phenicol",334996.85763352,363476.999999777,92.1645269532118
"Resfams","Pediatric","SRR961842","Phenicol",6268,7133,87.8732651058461
"Alignment","Pediatric","SRR961843","betalactams",223,1227,18.1744091279544
"MMARC","Pediatric","SRR961843","betalactams",6266.57760663676,19484,32.1626853142925
"Resfams","Pediatric","SRR961843","betalactams",1197,1640,72.9878048780488
"Alignment","Pediatric","SRR961844","Glycopeptides",0,106,0
"MMARC","Pediatric","SRR961844","Glycopeptides",91805.925000012,96485.000000012,95.1504638026642
"Resfams","Pediatric","SRR961844","Glycopeptides",45688,46467,98.3235414380098
"Alignment","Pediatric","SRR961845","Aminoglycosides",334596,335182,99.8251696093466
"MMARC","Pediatric","SRR961845","Aminoglycosides",591555.655556665,597724.000001109,98.9680279787271
"Resfams","Pediatric","SRR961845","Aminoglycosides",3776,3932,96.0325534079349
"Alignment","Pediatric","SRR961846","betalactams",8247,8247,100
"MMARC","Pediatric","SRR961846","betalactams",85538.6000000171,87786.0000000171,97.4399106919104
"Resfams","Pediatric","SRR961846","betalactams",7736,7953,97.2714698855778
"Alignment","Pediatric","SRR961847","betalactams",16483,16483,100
"MMARC","Pediatric","SRR961847","betalactams",171014.162698315,173263.999999902,98.7014975404074
"Resfams","Pediatric","SRR961847","betalactams",13155,13585,96.8347442031653
"Alignment","Pediatric","SRR961848","Tetracyclines",1047388,1049651,99.7844045306488
"MMARC","Pediatric","SRR961848","Tetracyclines",1270270.9603998,1361878.00000315,93.2734768016565
"Resfams","Pediatric","SRR961848","Tetracyclines",17735,20665,85.8214372126784
"Alignment","Pediatric","SRR961849","Tetracyclines",5449,5665,96.1871138570168
"MMARC","Pediatric","SRR961849","Tetracyclines",9836.10118106498,28288,34.7712852837421
"Resfams","Pediatric","SRR961849","Tetracyclines",1305,1891,69.0111052353252
"Alignment","Pediatric","SRR961850","Trimethoprim",17985,20105,89.4553593633425
"MMARC","Pediatric","SRR961850","Trimethoprim",561127.709523823,565979.000000013,99.1428497389143
"Resfams","Pediatric","SRR961850","Trimethoprim",18446,18925,97.4689564068692
"Alignment","Pediatric","SRR961851","Trimethoprim",8241,8439,97.6537504443654
"MMARC","Pediatric","SRR961851","Trimethoprim",327684.893217894,339625.000000001,96.4843263063359
"Resfams","Pediatric","SRR961851","Trimethoprim",11727,13026,90.0276370336251
"Alignment","Pediatric","SRR961852","Phenicol",455,574,79.2682926829268
"MMARC","Pediatric","SRR961852","Phenicol",348913.702056453,384444.000000127,90.7580043013644
"Resfams","Pediatric","SRR961852","Phenicol",12921,13790,93.6983321247281
"Alignment","Pediatric","SRR961853","Glycopeptides",0,61,0
"MMARC","Pediatric","SRR961853","Glycopeptides",169051.191666514,172488.999999847,98.0069405392017
"Resfams","Pediatric","SRR961853","Glycopeptides",22194,22669,97.9046274648198
"Alignment","Pediatric","SRR961854","betalactams",2191,2262,96.8611847922193
"MMARC","Pediatric","SRR961854","betalactams",1918970.73130315,1923490.99999002,99.7649966292074
"Resfams","Pediatric","SRR961854","betalactams",60932,61741,98.6896875657991
"Alignment","Pediatric","SRR961855","Tetracyclines",46443,46660,99.5349335619374
"MMARC","Pediatric","SRR961855","Tetracyclines",82808.2842240828,95109.9999999736,87.0658019389189
"Resfams","Pediatric","SRR961855","Tetracyclines",1961,2353,83.3404164895878
"Alignment","Pediatric","SRR961856","Trimethoprim",388,1179,32.9092451229856
"MMARC","Pediatric","SRR961856","Trimethoprim",97048.3642857153,99700.000000001,97.3403854420405
"Resfams","Pediatric","SRR961856","Trimethoprim",3306,3536,93.4954751131222
"Alignment","Pediatric","SRR961857","Trimethoprim",411,411,100
"MMARC","Pediatric","SRR961857","Trimethoprim",9755.55,11051,88.2775314451181
"Resfams","Pediatric","SRR961857","Trimethoprim",291,415,70.1204819277108
"Alignment","Soil","SRR1238169","betalactams",0,0,0
"Alignment","Soil","SRR1238184","betalactams",0,0,0
"Alignment","Soil","SRR1238197","betalactams",0,0,0
"Alignment","Soil","SRR1238211","betalactams",0,0,0
"Alignment","Soil","SRR1238224","betalactams",0,0,0
"Alignment","Soil","SRR1238238","betalactams",0,0,0
"Alignment","Soil","SRR1238251","betalactams",0,0,0
"Alignment","Soil","SRR1238276","betalactams",0,0,0
"Alignment","Soil","SRR1238289","betalactams",0,0,0
"Alignment","Soil","SRR1238303","betalactams",0,0,0
"Alignment","Soil","SRR1238313","betalactams",0,0,0
"Alignment","Soil","SRR1238325","betalactams",0,0,0
"Alignment","Soil","SRR1238338","betalactams",0,0,0
"Alignment","Soil","SRR1238353","betalactams",0,0,0
"Alignment","Soil","SRR1238366","betalactams",0,0,0
"Alignment","Soil","SRR1238171","betalactams",0,0,0
"Alignment","Soil","SRR1238172","betalactams",0,0,0
"Alignment","Soil","SRR1238186","betalactams",0,0,0
"Alignment","Soil","SRR1238199","betalactams",0,0,0
"Alignment","Soil","SRR1238226","betalactams",0,0,0
"Alignment","Soil","SRR1238240","betalactams",0,0,0
"Alignment","Soil","SRR1238265","betalactams",0,0,0
"Alignment","Soil","SRR1238278","betalactams",0,0,0
"Alignment","Soil","SRR1238291","betalactams",0,0,0
"Alignment","Soil","SRR1238315","betalactams",0,0,0
"Alignment","Soil","SRR1238368","betalactams",0,0,0
"Alignment","Soil","SRR1238173","betalactams",0,0,0
"Alignment","Soil","SRR1238187","betalactams",0,0,0
"Alignment","Soil","SRR1238200","betalactams",0,0,0
"Alignment","Soil","SRR1238213","betalactams",0,0,0
"Alignment","Soil","SRR1238227","betalactams",0,0,0
"Alignment","Soil","SRR1238241","betalactams",0,0,0
"Alignment","Soil","SRR1238253","betalactams",0,0,0
"Alignment","Soil","SRR1238266","betalactams",0,0,0
"Alignment","Soil","SRR1238279","betalactams",0,0,0
"Alignment","Soil","SRR1238292","betalactams",0,0,0
"Alignment","Soil","SRR1238305","betalactams",0,0,0
"Alignment","Soil","SRR1238327","betalactams",0,0,0
"Alignment","Soil","SRR1238340","betalactams",0,0,0
"Alignment","Soil","SRR1238356","betalactams",0,0,0
"Alignment","Soil","SRR1238369","betalactams",0,0,0
"Alignment","Soil","SRR1238381","betalactams",0,0,0
"Alignment","Soil","SRR1238175","betalactams",0,0,0
"Alignment","Soil","SRR1238189","betalactams",0,0,0
"Alignment","Soil","SRR1238202","betalactams",0,0,0
"Alignment","Soil","SRR1238215","betalactams",0,0,0
"Alignment","Soil","SRR1238229","betalactams",0,0,0
"Alignment","Soil","SRR1238243","betalactams",0,0,0
"Alignment","Soil","SRR1238255","betalactams",0,0,0
"Alignment","Soil","SRR1238268","betalactams",0,0,0
"Alignment","Soil","SRR1238281","betalactams",0,0,0
"Alignment","Soil","SRR1238294","betalactams",0,0,0
"Alignment","Soil","SRR1238317","betalactams",0,0,0
"Alignment","Soil","SRR1238329","betalactams",0,0,0
"Alignment","Soil","SRR1238342","betalactams",0,0,0
"Alignment","Soil","SRR1238371","betalactams",0,0,0
"Alignment","Soil","SRR1238170","Phenicol",0,0,0
"Alignment","Soil","SRR1238185","Phenicol",0,0,0
"Alignment","Soil","SRR1238198","Phenicol",0,0,0
"Alignment","Soil","SRR1238212","Phenicol",0,0,0
"Alignment","Soil","SRR1238225","Phenicol",0,0,0
"Alignment","Soil","SRR1238239","Phenicol",0,0,0
"Alignment","Soil","SRR1238252","Phenicol",0,0,0
"Alignment","Soil","SRR1238264","Phenicol",0,0,0
"Alignment","Soil","SRR1238290","Phenicol",0,0,0
"Alignment","Soil","SRR1238304","Phenicol",0,0,0
"Alignment","Soil","SRR1238314","Phenicol",0,0,0
"Alignment","Soil","SRR1238339","Phenicol",0,0,0
"Alignment","Soil","SRR1238348","Phenicol",0,0,0
"Alignment","Soil","SRR1238354","Phenicol",0,0,0
"Alignment","Soil","SRR1238367","Phenicol",0,0,0
"Alignment","Soil","SRR1238380","Phenicol",0,0,0
"Alignment","Pediatric","SRR961758","Phenicol",0,0,0
"Alignment","Soil","SRR1238174","Glycopeptides",0,0,0
"Alignment","Soil","SRR1238188","Glycopeptides",0,0,0
"Alignment","Soil","SRR1238201","Glycopeptides",0,0,0
"Alignment","Soil","SRR1238214","Glycopeptides",0,0,0
"Alignment","Soil","SRR1238228","Glycopeptides",0,0,0
"Alignment","Soil","SRR1238242","Glycopeptides",0,0,0
"Alignment","Soil","SRR1238254","Glycopeptides",0,0,0
"Alignment","Soil","SRR1238267","Glycopeptides",0,0,0
"Alignment","Soil","SRR1238280","Glycopeptides",0,0,0
"Alignment","Soil","SRR1238293","Glycopeptides",0,0,0
"Alignment","Soil","SRR1238306","Glycopeptides",0,0,0
"Alignment","Soil","SRR1238316","Glycopeptides",0,0,0
"Alignment","Soil","SRR1238328","Glycopeptides",0,0,0
"Alignment","Soil","SRR1238341","Glycopeptides",0,0,0
"Alignment","Soil","SRR1238349","Glycopeptides",0,0,0
"Alignment","Soil","SRR1238357","Glycopeptides",0,0,0
"Alignment","Soil","SRR1238370","Glycopeptides",0,0,0
"Alignment","Soil","SRR1238382","Glycopeptides",0,0,0
"Alignment","Soil","SRR1238176","Aminoglycosides",0,0,0
"Alignment","Soil","SRR1238190","Aminoglycosides",0,0,0
"Alignment","Soil","SRR1238203","Aminoglycosides",0,0,0
"Alignment","Soil","SRR1238216","Aminoglycosides",0,0,0
"Alignment","Soil","SRR1238230","Aminoglycosides",0,0,0
"Alignment","Soil","SRR1238244","Aminoglycosides",0,0,0
"Alignment","Soil","SRR1238256","Aminoglycosides",0,0,0
"Alignment","Soil","SRR1238269","Aminoglycosides",0,0,0
"Alignment","Soil","SRR1238282","Aminoglycosides",0,0,0
"Alignment","Soil","SRR1238295","Aminoglycosides",0,0,0
"Alignment","Soil","SRR1238307","Aminoglycosides",0,0,0
"Alignment","Soil","SRR1238318","Aminoglycosides",0,0,0
"Alignment","Soil","SRR1238330","Aminoglycosides",0,0,0
"Alignment","Soil","SRR1238343","Aminoglycosides",0,0,0
"Alignment","Soil","SRR1238358","Aminoglycosides",0,0,0
"Alignment","Soil","SRR1238372","Aminoglycosides",0,0,0
"Alignment","Soil","SRR1238177","betalactams",0,0,0
"Alignment","Soil","SRR1238191","betalactams",0,0,0
"Alignment","Soil","SRR1238204","betalactams",0,0,0
"Alignment","Soil","SRR1238217","betalactams",0,0,0
"Alignment","Soil","SRR1238231","betalactams",0,0,0
"Alignment","Soil","SRR1238245","betalactams",0,0,0
"Alignment","Soil","SRR1238257","betalactams",0,0,0
"Alignment","Soil","SRR1238270","betalactams",0,0,0
"Alignment","Soil","SRR1238296","betalactams",0,0,0
"Alignment","Soil","SRR1238308","betalactams",0,0,0
"Alignment","Soil","SRR1238319","betalactams",0,0,0
"Alignment","Soil","SRR1238344","betalactams",0,0,0
"Alignment","Soil","SRR1238359","betalactams",0,0,0
"Alignment","Soil","SRR1238373","betalactams",0,0,0
"Alignment","Soil","SRR1238383","betalactams",0,0,0
"Alignment","Pediatric","SRR961792","betalactams",0,0,0
"Alignment","Soil","SRR1238178","betalactams",0,0,0
"Alignment","Soil","SRR1238192","betalactams",0,0,0
"Alignment","Soil","SRR1238205","betalactams",0,0,0
"Alignment","Soil","SRR1238218","betalactams",0,0,0
"Alignment","Soil","SRR1238232","betalactams",0,0,0
"Alignment","Soil","SRR1238246","betalactams",0,0,0
"Alignment","Soil","SRR1238258","betalactams",0,0,0
"Alignment","Soil","SRR1238271","betalactams",0,0,0
"Alignment","Soil","SRR1238284","betalactams",0,0,0
"Alignment","Soil","SRR1238297","betalactams",0,0,0
"Alignment","Soil","SRR1238309","betalactams",0,0,0
"Alignment","Soil","SRR1238332","betalactams",0,0,0
"MMARC","Soil","SRR1238374","betalactams",0,0,0
"Alignment","Soil","SRR1238374","betalactams",0,0,0
"Alignment","Soil","SRR1238179","betalactams",0,0,0
"Alignment","Soil","SRR1238206","betalactams",0,0,0
"Alignment","Soil","SRR1238219","betalactams",0,0,0
"Alignment","Soil","SRR1238233","betalactams",0,0,0
"Alignment","Soil","SRR1238259","betalactams",0,0,0
"Alignment","Soil","SRR1238298","betalactams",0,0,0
"Alignment","Soil","SRR1238310","betalactams",0,0,0
"Alignment","Soil","SRR1238333","betalactams",0,0,0
"Alignment","Soil","SRR1238375","betalactams",0,0,0
"Alignment","Soil","SRR1238180","Tetracyclines",0,0,0
"Alignment","Soil","SRR1238193","Tetracyclines",0,0,0
"Alignment","Soil","SRR1238207","Tetracyclines",0,0,0
"Alignment","Soil","SRR1238220","Tetracyclines",0,0,0
"Alignment","Soil","SRR1238234","Tetracyclines",0,0,0
"Alignment","Soil","SRR1238247","Tetracyclines",0,0,0
"Alignment","Soil","SRR1238260","Tetracyclines",0,0,0
"Alignment","Soil","SRR1238272","Tetracyclines",0,0,0
"Alignment","Soil","SRR1238299","Tetracyclines",0,0,0
"Alignment","Soil","SRR1238311","Tetracyclines",0,0,0
"Alignment","Soil","SRR1238321","Tetracyclines",0,0,0
"Alignment","Soil","SRR1238334","Tetracyclines",0,0,0
"Alignment","Soil","SRR1238345","Tetracyclines",0,0,0
"Alignment","Soil","SRR1238362","Tetracyclines",0,0,0
"Alignment","Soil","SRR1238376","Tetracyclines",0,0,0
"Alignment","Soil","SRR1238384","Tetracyclines",0,0,0
"Alignment","Soil","SRR1238181","Tetracyclines",0,0,0
"Alignment","Soil","SRR1238194","Tetracyclines",0,0,0
"Alignment","Soil","SRR1238208","Tetracyclines",0,0,0
"Alignment","Soil","SRR1238221","Tetracyclines",0,0,0
"Alignment","Soil","SRR1238235","Tetracyclines",0,0,0
"Alignment","Soil","SRR1238248","Tetracyclines",0,0,0
"Alignment","Soil","SRR1238261","Tetracyclines",0,0,0
"Alignment","Soil","SRR1238273","Tetracyclines",0,0,0
"Alignment","Soil","SRR1238286","Tetracyclines",0,0,0
"Alignment","Soil","SRR1238322","Tetracyclines",0,0,0
"Alignment","Soil","SRR1238335","Tetracyclines",0,0,0
"Alignment","Soil","SRR1238363","Tetracyclines",0,0,0
"Alignment","Soil","SRR1238377","Tetracyclines",0,0,0
"Alignment","Soil","SRR1238385","Tetracyclines",0,0,0
"Alignment","Soil","SRR1238182","Trimethoprim",0,0,0
"Alignment","Soil","SRR1238195","Trimethoprim",0,0,0
"Alignment","Soil","SRR1238209","Trimethoprim",0,0,0
"Alignment","Soil","SRR1238222","Trimethoprim",0,0,0
"Alignment","Soil","SRR1238236","Trimethoprim",0,0,0
"Alignment","Soil","SRR1238249","Trimethoprim",0,0,0
"Alignment","Soil","SRR1238262","Trimethoprim",0,0,0
"Alignment","Soil","SRR1238274","Trimethoprim",0,0,0
"Alignment","Soil","SRR1238287","Trimethoprim",0,0,0
"Alignment","Soil","SRR1238323","Trimethoprim",0,0,0
"Alignment","Soil","SRR1238351","Trimethoprim",0,0,0
"Alignment","Soil","SRR1238364","Trimethoprim",0,0,0
"Alignment","Soil","SRR1238386","Trimethoprim",0,0,0
"Alignment","Pediatric","SRR961731","Trimethoprim",0,0,0
"Alignment","Pediatric","SRR961744","Trimethoprim",0,0,0
"Alignment","Pediatric","SRR961797","Trimethoprim",0,0,0
"Alignment","Pediatric","SRR961826","Trimethoprim",0,0,0
"Alignment","Pediatric","SRR961840","Trimethoprim",0,0,0
"Alignment","Soil","SRR1238183","Trimethoprim",0,0,0
"Alignment","Soil","SRR1238196","Trimethoprim",0,0,0
"Alignment","Soil","SRR1238210","Trimethoprim",0,0,0
"Alignment","Soil","SRR1238223","Trimethoprim",0,0,0
"Alignment","Soil","SRR1238237","Trimethoprim",0,0,0
"Alignment","Soil","SRR1238250","Trimethoprim",0,0,0
"Alignment","Soil","SRR1238263","Trimethoprim",0,0,0
"Alignment","Soil","SRR1238275","Trimethoprim",0,0,0
"Alignment","Soil","SRR1238288","Trimethoprim",0,0,0
"Alignment","Soil","SRR1238302","Trimethoprim",0,0,0
"Alignment","Soil","SRR1238324","Trimethoprim",0,0,0
"Alignment","Soil","SRR1238337","Trimethoprim",0,0,0
"Alignment","Soil","SRR1238347","Trimethoprim",0,0,0
"Alignment","Soil","SRR1238352","Trimethoprim",0,0,0
"Alignment","Soil","SRR1238365","Trimethoprim",0,0,0
"Alignment","Soil","SRR1238379","Trimethoprim",0,0,0
"Alignment","Soil","SRR1238387","Trimethoprim",0,0,0
